Couldn't read values in CFPrefsPlistSource<0x1079aea00> (Domain: group.io.sergeyshmagin.kdbchat, User: kCFPreferencesAnyUser, ByHost: Yes, Container: (null), Contents Need Refresh: Yes): Using kCFPreferencesAnyUser with a container is only allowed for System Containers, detaching from cfprefsd
2025-08-03T17:58:03.598306Z  INFO matrix_sdk_ffi::platform: Logging has been set up env_filter="panic=error,hyper=warn,matrix_sdk_ffi=info,matrix_sdk=info,matrix_sdk::client=trace,matrix_sdk_crypto=debug,matrix_sdk_crypto::olm::account=trace,matrix_sdk::oidc=trace,matrix_sdk::http_client=debug,matrix_sdk::sliding_sync=info,matrix_sdk_base::sliding_sync=info,matrix_sdk_ui::timeline=info,matrix_sdk::send_queue=info,matrix_sdk::event_cache=info,matrix_sdk_base::event_cache=info,matrix_sdk_sqlite::event_cache_store=info,matrix_sdk_common::store_locks=warn,matrix_sdk_base::store::ambiguity_map=warn,matrix_sdk_ui::notification_client=info,elementx=info" | bindings/matrix-sdk-ffi/src/platform.rs:483
2025-08-03T17:58:03.601456Z  INFO elementx: kdbchat 26.1.2 (15) | AppCoordinator.swift:203 | spans: root
2025-08-03T17:58:03.603697Z  INFO elementx: LiveKitCallKitService initialized | LiveKitCallKitService.swift:84 | spans: root
2025-08-03T17:58:03.612220Z  INFO elementx: NavigationRootCoordinator(ElementX.SplashScreenCoordinator Set root: ElementX.SplashScreenCoordinator | NavigationRootCoordinator.swift:149 | spans: root
2025-08-03T17:58:03.709727Z  INFO elementx: Sentry configured (enabled: false) | AppCoordinator.swift:1334 | spans: root
2025-08-03T17:58:03.715777Z  INFO elementx: [NotificationManager] app setting 'enableNotifications' is 'true' | NotificationManager.swift:65 | spans: root
2025-08-03T17:58:03.715830Z  INFO elementx: [NotificationManager] VoIP calls will use regular push notifications with .voip topic | NotificationManager.swift:76 | spans: root
2025-08-03T17:58:03.723427Z  INFO elementx: Reachability changed to reachable | AppCoordinator.swift:1203 | spans: root
2025-08-03T17:58:03.726079Z  INFO elementx: Register background app refresh with result: true | AppCoordinator.swift:1513 | spans: root
2025-08-03T17:58:03.903687Z  INFO elementx: Reachability changed to reachable | AppCoordinator.swift:1203 | spans: root
2025-08-03T17:58:03.916500Z  INFO elementx: Transitioning from `initial` to `signedOut` with event `startWithAuthentication` | AppCoordinatorStateMachine.swift:92 | spans: root
2025-08-03T17:58:03.926602Z  INFO elementx: NavigationStackCoordinator(ElementX.LoginScreenCoordinator) Set root: ElementX.LoginScreenCoordinator | NavigationCoordinators.swift:759 | spans: root
2025-08-03T17:58:03.928126Z  INFO elementx: NavigationRootCoordinator(NavigationStackCoordinator(ElementX.LoginScreenCoordinator) Set root: NavigationStackCoordinator(ElementX.LoginScreenCoordinator) | NavigationRootCoordinator.swift:149 | spans: root
2025-08-03T17:58:03.932205Z  INFO elementx: Transitioning from `initial` to `startScreen` with event `Optional(ElementX.AuthenticationFlowCoordinator.Event.start)`. | AuthenticationFlowCoordinator.swift:259 | spans: root
2025-08-03T17:58:03.939946Z  INFO elementx: Application did become active | AppCoordinator.swift:1486 | spans: root
2025-08-03T17:58:04.085747Z  INFO elementx: Auto-configuring server: matrix.aibots.kz | LoginScreenViewModel.swift:184 | spans: root
2025-08-03T17:58:04.114244Z  INFO elementx: Starting server configuration for: matrix.aibots.kz | AuthenticationService.swift:46 | spans: root
2025-08-03T17:58:04.114301Z  INFO elementx: Creating client builder for: matrix.aibots.kz | AuthenticationService.swift:50 | spans: root
2025-08-03T17:58:04.115019Z  INFO elementx: Building client for: matrix.aibots.kz | AuthenticationService.swift:53 | spans: root
spawning a multithreaded tokio runtime
2025-08-03T17:58:04.135065Z DEBUG matrix_sdk::client::builder: Starting to build the Client | crates/matrix-sdk/src/client/builder/mod.rs:506 | spans: root > build
2025-08-03T17:58:04.404947Z DEBUG matrix_sdk::client::builder::homeserver_config: Trying to discover the homeserver | crates/matrix-sdk/src/client/builder/homeserver_config.rs:175 | spans: root > build{homeserver=ServerNameOrHomeserverUrl("matrix.aibots.kz")}
2025-08-03T17:58:04.406025Z DEBUG matrix_sdk::http_client::native: Sending request num_attempt=1 | crates/matrix-sdk/src/http_client/native.rs:78 | spans: root > build{homeserver=ServerNameOrHomeserverUrl("matrix.aibots.kz")} > send{request_id="REQ-0" method=GET uri="https://matrix.aibots.kz/.well-known/matrix/client"}
2025-08-03T17:58:04.467396Z DEBUG matrix_sdk::http_client: Got response | crates/matrix-sdk/src/http_client/mod.rs:214 | spans: root > build{homeserver=ServerNameOrHomeserverUrl("matrix.aibots.kz")} > send{request_id="REQ-0" method=GET uri="https://matrix.aibots.kz/.well-known/matrix/client" status=200 response_size="2.0k"}
2025-08-03T17:58:04.467687Z DEBUG matrix_sdk::client::builder::homeserver_config: Discovered the homeserver homeserver_url="https://matrix.aibots.kz" | crates/matrix-sdk/src/client/builder/homeserver_config.rs:197 | spans: root > build{homeserver=ServerNameOrHomeserverUrl("matrix.aibots.kz")}
2025-08-03T17:58:04.467951Z DEBUG matrix_sdk::http_client::native: Sending request num_attempt=1 | crates/matrix-sdk/src/http_client/native.rs:78 | spans: root > build{homeserver=ServerNameOrHomeserverUrl("matrix.aibots.kz")} > send{request_id="REQ-1" method=GET uri="https://matrix.aibots.kz/_matrix/client/versions"}
2025-08-03T17:58:04.484168Z DEBUG matrix_sdk::http_client: Got response | crates/matrix-sdk/src/http_client/mod.rs:214 | spans: root > build{homeserver=ServerNameOrHomeserverUrl("matrix.aibots.kz")} > send{request_id="REQ-1" method=GET uri="https://matrix.aibots.kz/_matrix/client/versions" status=200 response_size="1.1k"}
2025-08-03T17:58:04.484387Z  INFO matrix_sdk::client::builder: selected sliding sync version version=Native | crates/matrix-sdk/src/client/builder/mod.rs:557 | spans: root > build{homeserver=ServerNameOrHomeserverUrl("matrix.aibots.kz")}
2025-08-03T17:58:04.486172Z DEBUG matrix_sdk::client::builder: Done building the Client | crates/matrix-sdk/src/client/builder/mod.rs:610 | spans: root > build{homeserver=ServerNameOrHomeserverUrl("matrix.aibots.kz")}
2025-08-03T17:58:04.488776Z  INFO elementx: Getting homeserver login details for: matrix.aibots.kz | AuthenticationService.swift:56 | spans: root
2025-08-03T17:58:04.491372Z DEBUG matrix_sdk::http_client::native: Sending request num_attempt=1 | crates/matrix-sdk/src/http_client/native.rs:78 | spans: root > send{request_id="REQ-2" method=GET uri="https://matrix.aibots.kz/_matrix/client/versions"}
2025-08-03T17:58:04.505146Z DEBUG matrix_sdk::http_client: Got response | crates/matrix-sdk/src/http_client/mod.rs:214 | spans: root > send{request_id="REQ-2" method=GET uri="https://matrix.aibots.kz/_matrix/client/versions" status=200 response_size="1.1k"}
2025-08-03T17:58:04.505388Z DEBUG matrix_sdk::http_client::native: Sending request num_attempt=1 | crates/matrix-sdk/src/http_client/native.rs:78 | spans: root > send{request_id="REQ-3" method=GET uri="https://matrix.aibots.kz/.well-known/matrix/client"}
2025-08-03T17:58:04.524371Z DEBUG matrix_sdk::http_client: Got response | crates/matrix-sdk/src/http_client/mod.rs:214 | spans: root > send{request_id="REQ-3" method=GET uri="https://matrix.aibots.kz/.well-known/matrix/client" status=200 response_size="2.0k"}
2025-08-03T17:58:04.526024Z DEBUG matrix_sdk::http_client::native: Sending request num_attempt=1 | crates/matrix-sdk/src/http_client/native.rs:78 | spans: root > send{request_id="REQ-4" method=GET uri="https://matrix.aibots.kz/_matrix/client/unstable/org.matrix.msc2965/auth_metadata"}
2025-08-03T17:58:04.539814Z DEBUG matrix_sdk::http_client: Error while sending request: Api(Server(ClientApi(Error { status_code: 404, body: Standard { kind: Unrecognized, message: "Unrecognized request" } }))) | crates/matrix-sdk/src/http_client/mod.rs:218 | spans: root > send{request_id="REQ-4" method=GET uri="https://matrix.aibots.kz/_matrix/client/unstable/org.matrix.msc2965/auth_metadata" status=404 response_size="59B"}
2025-08-03T17:58:04.540086Z ERROR matrix_sdk_ffi::client: Failed to fetch OIDC provider metadata: OAuth 2.0 is not supported by the homeserver | bindings/matrix-sdk-ffi/src/client.rs:337
2025-08-03T17:58:04.540598Z DEBUG matrix_sdk::http_client::native: Sending request num_attempt=1 | crates/matrix-sdk/src/http_client/native.rs:78 | spans: send{request_id="REQ-5" method=GET uri="https://matrix.aibots.kz/_matrix/client/v3/login"}
2025-08-03T17:58:04.554060Z DEBUG matrix_sdk::http_client: Got response | crates/matrix-sdk/src/http_client/mod.rs:214 | spans: send{request_id="REQ-5" method=GET uri="https://matrix.aibots.kz/_matrix/client/v3/login" status=200 response_size="78B"}
2025-08-03T17:58:04.558272Z  INFO elementx: Sliding sync version: native | AuthenticationService.swift:59 | spans: root
2025-08-03T17:58:04.558294Z  INFO elementx: Supports OIDC login: false | AuthenticationService.swift:60 | spans: root
2025-08-03T17:58:04.558307Z  INFO elementx: Supports password login: true | AuthenticationService.swift:61 | spans: root
2025-08-03T17:58:04.558318Z  INFO elementx: Setting login mode to password | AuthenticationService.swift:67 | spans: root
2025-08-03T17:58:04.558336Z  INFO elementx: Storing client and sending homeserver update | AuthenticationService.swift:83 | spans: root
2025-08-03T17:58:04.558384Z  INFO elementx: Server configuration completed successfully for: matrix.aibots.kz | AuthenticationService.swift:87 | spans: root
2025-08-03T17:58:04.585663Z  INFO elementx: Successfully auto-configured homeserver. Login mode: password | LoginScreenViewModel.swift:220 | spans: root
App is being debugged, do not track this hang
Hang detected: 0.81s (debugger attached, not reporting)
2025-08-03T18:02:41.092896Z  INFO elementx: Reachability changed to reachable | AppCoordinator.swift:1203 | spans: root
2025-08-03T18:03:14.858476Z  INFO elementx: Starting login with password using ServerConfirmation flow logic | LoginScreenViewModel.swift:243 | spans: root
2025-08-03T18:03:14.864877Z  INFO elementx: Authentication service reset before login attempt | LoginScreenViewModel.swift:248 | spans: root
2025-08-03T18:03:14.908629Z  INFO elementx: Configuring server for login: matrix.aibots.kz | LoginScreenViewModel.swift:308 | spans: root
2025-08-03T18:03:14.908726Z  INFO elementx: Starting server configuration for: matrix.aibots.kz | AuthenticationService.swift:46 | spans: root
2025-08-03T18:03:14.908780Z  INFO elementx: Creating client builder for: matrix.aibots.kz | AuthenticationService.swift:50 | spans: root
2025-08-03T18:03:14.910438Z  INFO elementx: Building client for: matrix.aibots.kz | AuthenticationService.swift:53 | spans: root
2025-08-03T18:03:14.923100Z DEBUG matrix_sdk::client::builder: Starting to build the Client | crates/matrix-sdk/src/client/builder/mod.rs:506 | spans: root > build
2025-08-03T18:03:15.170184Z DEBUG matrix_sdk::client::builder::homeserver_config: Trying to discover the homeserver | crates/matrix-sdk/src/client/builder/homeserver_config.rs:175 | spans: root > build{homeserver=ServerNameOrHomeserverUrl("matrix.aibots.kz")}
2025-08-03T18:03:15.170222Z DEBUG matrix_sdk::http_client::native: Sending request num_attempt=1 | crates/matrix-sdk/src/http_client/native.rs:78 | spans: root > build{homeserver=ServerNameOrHomeserverUrl("matrix.aibots.kz")} > send{request_id="REQ-0" method=GET uri="https://matrix.aibots.kz/.well-known/matrix/client"}
2025-08-03T18:03:15.226168Z DEBUG matrix_sdk::http_client: Got response | crates/matrix-sdk/src/http_client/mod.rs:214 | spans: root > build{homeserver=ServerNameOrHomeserverUrl("matrix.aibots.kz")} > send{request_id="REQ-0" method=GET uri="https://matrix.aibots.kz/.well-known/matrix/client" status=200 response_size="2.0k"}
2025-08-03T18:03:15.226183Z DEBUG matrix_sdk::client::builder::homeserver_config: Discovered the homeserver homeserver_url="https://matrix.aibots.kz" | crates/matrix-sdk/src/client/builder/homeserver_config.rs:197 | spans: root > build{homeserver=ServerNameOrHomeserverUrl("matrix.aibots.kz")}
2025-08-03T18:03:15.226206Z DEBUG matrix_sdk::http_client::native: Sending request num_attempt=1 | crates/matrix-sdk/src/http_client/native.rs:78 | spans: root > build{homeserver=ServerNameOrHomeserverUrl("matrix.aibots.kz")} > send{request_id="REQ-1" method=GET uri="https://matrix.aibots.kz/_matrix/client/versions"}
2025-08-03T18:03:15.241741Z DEBUG matrix_sdk::http_client: Got response | crates/matrix-sdk/src/http_client/mod.rs:214 | spans: root > build{homeserver=ServerNameOrHomeserverUrl("matrix.aibots.kz")} > send{request_id="REQ-1" method=GET uri="https://matrix.aibots.kz/_matrix/client/versions" status=200 response_size="1.1k"}
2025-08-03T18:03:15.241758Z  INFO matrix_sdk::client::builder: selected sliding sync version version=Native | crates/matrix-sdk/src/client/builder/mod.rs:557 | spans: root > build{homeserver=ServerNameOrHomeserverUrl("matrix.aibots.kz")}
2025-08-03T18:03:15.241794Z DEBUG matrix_sdk::client::builder: Done building the Client | crates/matrix-sdk/src/client/builder/mod.rs:610 | spans: root > build{homeserver=ServerNameOrHomeserverUrl("matrix.aibots.kz")}
2025-08-03T18:03:15.241871Z  INFO elementx: Getting homeserver login details for: matrix.aibots.kz | AuthenticationService.swift:56 | spans: root
2025-08-03T18:03:15.241973Z DEBUG matrix_sdk::http_client::native: Sending request num_attempt=1 | crates/matrix-sdk/src/http_client/native.rs:78 | spans: root > send{request_id="REQ-2" method=GET uri="https://matrix.aibots.kz/_matrix/client/versions"}
2025-08-03T18:03:15.254432Z DEBUG matrix_sdk::http_client: Got response | crates/matrix-sdk/src/http_client/mod.rs:214 | spans: root > send{request_id="REQ-2" method=GET uri="https://matrix.aibots.kz/_matrix/client/versions" status=200 response_size="1.1k"}
2025-08-03T18:03:15.254474Z DEBUG matrix_sdk::http_client::native: Sending request num_attempt=1 | crates/matrix-sdk/src/http_client/native.rs:78 | spans: root > send{request_id="REQ-3" method=GET uri="https://matrix.aibots.kz/.well-known/matrix/client"}
2025-08-03T18:03:15.267724Z DEBUG matrix_sdk::http_client: Got response | crates/matrix-sdk/src/http_client/mod.rs:214 | spans: root > send{request_id="REQ-3" method=GET uri="https://matrix.aibots.kz/.well-known/matrix/client" status=200 response_size="2.0k"}
2025-08-03T18:03:15.268351Z DEBUG matrix_sdk::http_client::native: Sending request num_attempt=1 | crates/matrix-sdk/src/http_client/native.rs:78 | spans: root > send{request_id="REQ-4" method=GET uri="https://matrix.aibots.kz/_matrix/client/unstable/org.matrix.msc2965/auth_metadata"}
2025-08-03T18:03:15.284179Z DEBUG matrix_sdk::http_client: Error while sending request: Api(Server(ClientApi(Error { status_code: 404, body: Standard { kind: Unrecognized, message: "Unrecognized request" } }))) | crates/matrix-sdk/src/http_client/mod.rs:218 | spans: root > send{request_id="REQ-4" method=GET uri="https://matrix.aibots.kz/_matrix/client/unstable/org.matrix.msc2965/auth_metadata" status=404 response_size="59B"}
2025-08-03T18:03:15.284197Z ERROR matrix_sdk_ffi::client: Failed to fetch OIDC provider metadata: OAuth 2.0 is not supported by the homeserver | bindings/matrix-sdk-ffi/src/client.rs:337 | spans: root
2025-08-03T18:03:15.284220Z DEBUG matrix_sdk::http_client::native: Sending request num_attempt=1 | crates/matrix-sdk/src/http_client/native.rs:78 | spans: root > send{request_id="REQ-5" method=GET uri="https://matrix.aibots.kz/_matrix/client/v3/login"}
2025-08-03T18:03:15.296262Z DEBUG matrix_sdk::http_client: Got response | crates/matrix-sdk/src/http_client/mod.rs:214 | spans: root > send{request_id="REQ-5" method=GET uri="https://matrix.aibots.kz/_matrix/client/v3/login" status=200 response_size="78B"}
2025-08-03T18:03:15.303047Z  INFO elementx: Sliding sync version: native | AuthenticationService.swift:59 | spans: root
2025-08-03T18:03:15.303086Z  INFO elementx: Supports OIDC login: false | AuthenticationService.swift:60 | spans: root
2025-08-03T18:03:15.303110Z  INFO elementx: Supports password login: true | AuthenticationService.swift:61 | spans: root
2025-08-03T18:03:15.303132Z  INFO elementx: Setting login mode to password | AuthenticationService.swift:67 | spans: root
2025-08-03T18:03:15.303154Z  INFO elementx: Storing client and sending homeserver update | AuthenticationService.swift:83 | spans: root
2025-08-03T18:03:15.303198Z  INFO elementx: Server configuration completed successfully for: matrix.aibots.kz | AuthenticationService.swift:87 | spans: root
2025-08-03T18:03:15.314517Z  INFO elementx: Server configuration successful | LoginScreenViewModel.swift:312 | spans: root
2025-08-03T18:03:15.314556Z  INFO elementx: Starting password authentication | LoginScreenViewModel.swift:272 | spans: root
2025-08-03T18:03:15.326929Z  INFO elementx: Starting login for username: testuser4, server: https://matrix.aibots.kz/ | AuthenticationService.swift:141 | spans: root
2025-08-03T18:03:15.326956Z  INFO elementx: Calling client.login with username: testuser4 | AuthenticationService.swift:144 | spans: root
2025-08-03T18:03:15.328713Z  INFO matrix_sdk::authentication::matrix::login_builder: Logging in homeserver="https://matrix.aibots.kz/" identifier=Some(UserIdOrLocalpart("testuser4")) | crates/matrix-sdk/src/authentication/matrix/login_builder.rs:177 | spans: root > login{method="identifier and password"}
2025-08-03T18:03:15.330627Z DEBUG matrix_sdk::http_client::native: Sending request num_attempt=1 | crates/matrix-sdk/src/http_client/native.rs:78 | spans: root > login{method="identifier and password"} > send{request_id="REQ-6" method=POST uri="https://matrix.aibots.kz/_matrix/client/v3/login" request_size="150B"}
2025-08-03T18:03:15.717695Z DEBUG matrix_sdk::http_client: Got response | crates/matrix-sdk/src/http_client/mod.rs:214 | spans: root > login{method="identifier and password"} > send{request_id="REQ-6" method=POST uri="https://matrix.aibots.kz/_matrix/client/v3/login" request_size="150B" status=200 response_size="232B"}
2025-08-03T18:03:15.749769Z DEBUG matrix_sdk_crypto::machine: Created a new Olm account | crates/matrix-sdk-crypto/src/machine/mod.rs:350 | spans: root > login{method="identifier and password"} > with_store{user_id="@testuser4:matrix.aibots.kz" device_id="PGZXTNEIMN" ed25519_key=6LjsfFoxX87ecs2NL8uYxGIQdlj6iUQMV2R44wyv0vc curve25519_key=QBFavKZvGrIWn6kyzGl4ziQPd6Wu56f9xjFZbG4Imzc}
2025-08-03T18:03:15.749889Z DEBUG matrix_sdk_crypto::machine: Creating an empty cross signing identity stub | crates/matrix-sdk-crypto/src/machine/mod.rs:366 | spans: root > login{method="identifier and password"} > with_store{user_id="@testuser4:matrix.aibots.kz" device_id="PGZXTNEIMN" ed25519_key=6LjsfFoxX87ecs2NL8uYxGIQdlj6iUQMV2R44wyv0vc curve25519_key=QBFavKZvGrIWn6kyzGl4ziQPd6Wu56f9xjFZbG4Imzc}
2025-08-03T18:03:15.754248Z  INFO elementx: client.login completed successfully | AuthenticationService.swift:146 | spans: root
2025-08-03T18:03:15.755264Z  INFO elementx: Creating user session for client | AuthenticationService.swift:155 | spans: root
2025-08-03T18:03:15.755309Z  INFO elementx: Creating user session for client with homeserver: https://matrix.aibots.kz/ | AuthenticationService.swift:221 | spans: root
2025-08-03T18:03:15.765298Z DEBUG matrix_sdk::http_client::native: Sending request num_attempt=1 | crates/matrix-sdk/src/http_client/native.rs:78 | spans: keys_query{request_id="6c5893c32b4d4bf7abc8bb3979d633f6"} > send{request_id="REQ-7" method=POST uri="https://matrix.aibots.kz/_matrix/client/v3/keys/query" request_size="50B"}
2025-08-03T18:03:15.766355Z  INFO elementx: Checking if backup exists on the server | SecureBackupController.swift:193 | spans: root
2025-08-03T18:03:15.767625Z DEBUG matrix_sdk::http_client::native: Sending request num_attempt=1 | crates/matrix-sdk/src/http_client/native.rs:78 | spans: root > send{request_id="REQ-8" method=GET uri="https://matrix.aibots.kz/_matrix/client/v3/room_keys/version"}
2025-08-03T18:03:15.771470Z DEBUG matrix_sdk_crypto::machine: Initialising crypto store generation at 0 | crates/matrix-sdk-crypto/src/machine/mod.rs:2607 | spans: root
2025-08-03T18:03:15.776031Z  INFO elementx: AllRooms: Updating visible range: 0..<0 | RoomSummaryProvider.swift:145 | spans: root
2025-08-03T18:03:15.780247Z  INFO elementx: AlternateAllRooms: Updating visible range: 0..<0 | RoomSummaryProvider.swift:145 | spans: root
2025-08-03T18:03:15.780737Z  INFO elementx: StaticAllRooms: Updating visible range: 0..<0 | RoomSummaryProvider.swift:145 | spans: root
2025-08-03T18:03:15.783590Z  INFO elementx: Key backup state changed to: unknown, setting local state to unknown | SecureBackupController.swift:58 | spans: root
2025-08-03T18:03:15.783675Z  INFO elementx: Checking if backup exists on the server | SecureBackupController.swift:193 | spans: root
2025-08-03T18:03:15.783915Z  INFO elementx: Starting sync | ClientProxy.swift:361 | spans: root
2025-08-03T18:03:15.784127Z DEBUG matrix_sdk::http_client::native: Sending request num_attempt=1 | crates/matrix-sdk/src/http_client/native.rs:78 | spans: root > send{request_id="REQ-9" method=GET uri="https://matrix.aibots.kz/_matrix/client/v3/room_keys/version"}
2025-08-03T18:03:15.785251Z  INFO elementx: Recovery state changed to: unknown, setting local state to unknown | SecureBackupController.swift:79 | spans: root
2025-08-03T18:03:15.789583Z  INFO elementx: AlternateAllRooms: Received state update: notLoaded | RoomSummaryProvider.swift:102 | spans: root
2025-08-03T18:03:15.789768Z  INFO elementx: AllRooms: Received state update: notLoaded | RoomSummaryProvider.swift:102 | spans: root
2025-08-03T18:03:15.790274Z  INFO matrix_sdk::sliding_sync: Marking all tracked users as dirty | crates/matrix-sdk/src/sliding_sync/mod.rs:438 | spans: root > next_sync_with_lock{store_generation=0} > sync_once{conn_id="encryption" }
2025-08-03T18:03:15.790758Z  INFO elementx: StaticAllRooms: Received state update: notLoaded | RoomSummaryProvider.swift:102 | spans: root
2025-08-03T18:03:15.791539Z DEBUG matrix_sdk::http_client::native: Sending request num_attempt=1 | crates/matrix-sdk/src/http_client/native.rs:78 | spans: root > next_sync_with_lock{store_generation=0} > sync_once{conn_id="encryption" } > send{request_id="REQ-10" method=POST uri="https://matrix.aibots.kz/_matrix/client/unstable/org.matrix.simplified_msc3575/sync" request_size="136B"}
2025-08-03T18:03:15.792167Z DEBUG matrix_sdk::http_client::native: Sending request num_attempt=1 | crates/matrix-sdk/src/http_client/native.rs:78 | spans: sync_once{conn_id="room-list" } > send{request_id="REQ-11" method=POST uri="https://matrix.aibots.kz/_matrix/client/unstable/org.matrix.simplified_msc3575/sync" request_size="674B"}
2025-08-03T18:03:15.792217Z DEBUG matrix_sdk_crypto::session_manager::sessions: Collected user/device pairs that are missing an Olm session missing_session_devices_by_user={} timed_out_devices_by_user={} | crates/matrix-sdk-crypto/src/session_manager/sessions.rs:287 | spans: root > next_sync_with_lock{store_generation=0} > sync_once{conn_id="encryption" } > send_outgoing_requests > get_missing_sessions
2025-08-03T18:03:15.792967Z  INFO elementx: Received sync service update: running | ClientProxy.swift:936 | spans: root
2025-08-03T18:03:15.796981Z DEBUG matrix_sdk_crypto::identities::manager: Created a /keys/query request request_id="362cd635065247869bbfcfdcb4d1ff42" users=["@testuser4:matrix.aibots.kz"] | crates/matrix-sdk-crypto/src/identities/manager.rs:877 | spans: root > next_sync_with_lock{store_generation=0} > sync_once{conn_id="encryption" } > send_outgoing_requests
2025-08-03T18:03:15.797996Z DEBUG matrix_sdk::http_client::native: Sending request num_attempt=1 | crates/matrix-sdk/src/http_client/native.rs:78 | spans: root > next_sync_with_lock{store_generation=0} > sync_once{conn_id="encryption" } > send_outgoing_requests > keys_upload{request_id="cdf16f57f9a0497fa503a8f59a9dda8f"} > send{request_id="REQ-12" method=POST uri="https://matrix.aibots.kz/_matrix/client/v3/keys/upload" request_size="12.6k"}
2025-08-03T18:03:15.798672Z DEBUG matrix_sdk::http_client::native: Sending request num_attempt=1 | crates/matrix-sdk/src/http_client/native.rs:78 | spans: root > next_sync_with_lock{store_generation=0} > sync_once{conn_id="encryption" } > send_outgoing_requests > keys_query{request_id="362cd635065247869bbfcfdcb4d1ff42"} > send{request_id="REQ-13" method=POST uri="https://matrix.aibots.kz/_matrix/client/v3/keys/query" request_size="50B"}
2025-08-03T18:03:15.801082Z DEBUG matrix_sdk::http_client: Got response | crates/matrix-sdk/src/http_client/mod.rs:214 | spans: keys_query{request_id="6c5893c32b4d4bf7abc8bb3979d633f6"} > send{request_id="REQ-7" method=POST uri="https://matrix.aibots.kz/_matrix/client/v3/keys/query" request_size="50B" status=200 response_size="1.4k"}
2025-08-03T18:03:15.801862Z DEBUG matrix_sdk_crypto::identities::manager: Handling a `/keys/query` response request_id="6c5893c32b4d4bf7abc8bb3979d633f6" users={"@testuser4:matrix.aibots.kz"} failures={} | crates/matrix-sdk-crypto/src/identities/manager.rs:135 | spans: keys_query{request_id="6c5893c32b4d4bf7abc8bb3979d633f6"}
2025-08-03T18:03:15.803217Z  WARN matrix_sdk_crypto::identities::manager: Our own device might have been deleted user_id="@testuser4:matrix.aibots.kz" device_id="PGZXTNEIMN" curve25519_key="curve25519:QBFavKZvGrIWn6kyzGl4ziQPd6Wu56f9xjFZbG4Imzc" ed25519_key="ed25519:6LjsfFoxX87ecs2NL8uYxGIQdlj6iUQMV2R44wyv0vc" | crates/matrix-sdk-crypto/src/identities/manager.rs:352 | spans: root
2025-08-03T18:03:15.806193Z DEBUG matrix_sdk_crypto::store::crypto_store_wrapper: Stored our own identity master_key=Some("ed25519:8GG8KTGQVD2s7mC7O37eq1glQcSotN+euxl5RHPBDTQ") user_signing_key=Some("ed25519:Wg1vJ7Sa+AQUdZRzYaPdJO1NmcgaSUbz5w1L+n224Gs") self_signing_key=Some("ed25519:lpuFlkKJ/coy6/iQQj/eSbNytUwXYmzx4EGINW2PRm0") previously_verified=false verified=false | crates/matrix-sdk-crypto/src/store/crypto_store_wrapper.rs:149 | spans: keys_query{request_id="6c5893c32b4d4bf7abc8bb3979d633f6"}
2025-08-03T18:03:15.806801Z DEBUG matrix_sdk_crypto::identities::manager: Finished handling of the `/keys/query` response request_id="6c5893c32b4d4bf7abc8bb3979d633f6" new_devices={} changed_devices={} deleted_devices={} new_identities={"@testuser4:matrix.aibots.kz"} changed_identities={} | crates/matrix-sdk-crypto/src/identities/manager.rs:1205 | spans: keys_query{request_id="6c5893c32b4d4bf7abc8bb3979d633f6"}
2025-08-03T18:03:15.807444Z DEBUG matrix_sdk::http_client::native: Sending request num_attempt=1 | crates/matrix-sdk/src/http_client/native.rs:78 | spans: keys_query{request_id="6c5893c32b4d4bf7abc8bb3979d633f6"} > update_state_after_keys_query > send{request_id="REQ-14" method=GET uri="https://matrix.aibots.kz/_matrix/client/v3/user/@testuser4:matrix.aibots.kz/account_data/m.secret_storage.default_key"}
2025-08-03T18:03:15.820684Z DEBUG matrix_sdk::http_client: Error while sending request: Api(Server(ClientApi(Error { status_code: 404, body: Standard { kind: NotFound, message: "No backup found" } }))) | crates/matrix-sdk/src/http_client/mod.rs:218 | spans: root > send{request_id="REQ-8" method=GET uri="https://matrix.aibots.kz/_matrix/client/v3/room_keys/version" status=404 response_size="51B"}
2025-08-03T18:03:15.835984Z ERROR elementx: Failed retrieving session verification controller proxy with error: Generic(msg: "Failed retrieving user identity", details: Optional("Failed retrieving user identity\n\nStack backtrace:\n   0: std::backtrace::Backtrace::create\n   1: <async_compat::Compat<T> as core::future::future::Future>::poll\n   2: uniffi_core::ffi::rustcalls::rust_call_with_out_status\n   3: <uniffi_core::ffi::rustfuture::future::RustFuture<F,T,UT> as uniffi_core::ffi::rustfuture::future::RustFutureFfi<<T as uniffi_core::ffi_converter_traits::LowerReturn<UT>>::ReturnType>>::ffi_poll\n   4: _ffi_matrix_sdk_ffi_rust_future_poll_pointer\n   5: _$sSo015ffi_matrix_sdk_A25_rust_future_poll_pointeryys6UInt64V_yAC_s4Int8VtXCACtFTO\n   6: _$s13MatrixRustSDK06uniffiB9CallAsync33_D13DA838D267D18EF7DBCAF4C15FEA09LL14rustFutureFunc04pollQ008completeQ004freeQ004liftQ012errorHandlerq_s6UInt64VyXE_yAK_yAK_s4Int8VtXCAKtXExAK_SpySo0bE6StatusVGtXEyAKXEq_xKXEs5Error_pSo0B6BufferVKcSgtYaKr0_lFySccyAMs5NeverOGXEfU_\n   7: _$ss22withUnsafeContinuation9isolation_xScA_pSgYi_ySccyxs5NeverOGXEtYalFyBcXEfU_\n   8: _$ss22withUnsafeContinuation9isolation_xScA_pSgYi_ySccyxs5NeverOGXEtYalFTY0_\n   9: <unknown>\n  10: <unknown>\n  11: __dispatch_root_queue_drain\n  12: __dispatch_worker_thread2\n  13: <unknown>")) | ClientProxy.swift:916 | spans: root
2025-08-03T18:03:15.840376Z DEBUG matrix_sdk::http_client: Error while sending request: Api(Server(ClientApi(Error { status_code: 404, body: Standard { kind: NotFound, message: "No backup found" } }))) | crates/matrix-sdk/src/http_client/mod.rs:218 | spans: root > send{request_id="REQ-9" method=GET uri="https://matrix.aibots.kz/_matrix/client/v3/room_keys/version" status=404 response_size="51B"}
2025-08-03T18:03:15.848508Z DEBUG matrix_sdk::http_client: Got response | crates/matrix-sdk/src/http_client/mod.rs:214 | spans: sync_once{conn_id="room-list" } > send{request_id="REQ-11" method=POST uri="https://matrix.aibots.kz/_matrix/client/unstable/org.matrix.simplified_msc3575/sync" request_size="674B" status=200 response_size="4.7k"}
2025-08-03T18:03:15.848690Z DEBUG matrix_sdk::http_client: Got response | crates/matrix-sdk/src/http_client/mod.rs:214 | spans: root > next_sync_with_lock{store_generation=0} > sync_once{conn_id="encryption" } > send{request_id="REQ-10" method=POST uri="https://matrix.aibots.kz/_matrix/client/unstable/org.matrix.simplified_msc3575/sync" request_size="136B" status=200 response_size="215B"}
2025-08-03T18:03:15.850435Z  INFO elementx: Set up session for user @testuser4:matrix.aibots.kz at: Data: /private/var/mobile/Containers/Shared/AppGroup/D8D7DFD7-FCB8-42D4-8097-A768E27F0E93/Library/Application Support/io.sergeyshmagin.kdbchat/Sessions/C27328FF-EB5C-4081-9643-B299220EE99E Caches: /private/var/mobile/Containers/Shared/AppGroup/D8D7DFD7-FCB8-42D4-8097-A768E27F0E93/Library/Caches/io.sergeyshmagin.kdbchat/Sessions/C27328FF-EB5C-4081-9643-B299220EE99E | UserSessionStore.swift:76 | spans: root
2025-08-03T18:03:15.860671Z  INFO elementx: Session security state changed, verificationState: unverified, recoveryState: unknown | UserSession.swift:47 | spans: root
2025-08-03T18:03:15.860730Z  INFO elementx: Successfully created user session with user ID: @testuser4:matrix.aibots.kz | AuthenticationService.swift:226 | spans: root
2025-08-03T18:03:15.860746Z  INFO elementx: User session created successfully for: @testuser4:matrix.aibots.kz | AuthenticationService.swift:159 | spans: root
2025-08-03T18:03:15.860779Z  INFO elementx: Authentication service login completed | LoginScreenViewModel.swift:280 | spans: root
2025-08-03T18:03:15.860791Z  INFO elementx: Login successful, sending signedIn action | LoginScreenViewModel.swift:284 | spans: root
2025-08-03T18:03:15.860805Z  INFO elementx: LoginScreenCoordinator received signedIn action, forwarding to AuthenticationFlowCoordinator | LoginScreenCoordinator.swift:58 | spans: root
2025-08-03T18:03:15.862215Z DEBUG matrix_sdk::http_client::native: Sending request num_attempt=1 | crates/matrix-sdk/src/http_client/native.rs:78 | spans: root > sync_once{conn_id="room-list" pos="0/s611_17295_0_366_596_6_11_882_0_1"} > send{request_id="REQ-15" method=POST uri="https://matrix.aibots.kz/_matrix/client/unstable/org.matrix.simplified_msc3575/sync" request_size="673B"}
2025-08-03T18:03:15.864421Z  INFO elementx: AuthenticationFlowCoordinator received .signedIn event from state: startScreen | AuthenticationFlowCoordinator.swift:247 | spans: root
2025-08-03T18:03:15.865940Z  INFO elementx: Calling userHasSignedIn for user: @testuser4:matrix.aibots.kz | AuthenticationFlowCoordinator.swift:252 | spans: root
2025-08-03T18:03:15.865965Z  INFO elementx: AuthenticationFlowCoordinator userHasSignedIn called, notifying delegate | AuthenticationFlowCoordinator.swift:467 | spans: root
2025-08-03T18:03:15.865983Z  INFO elementx: AuthenticationFlowCoordinator didLoginWithSession called for user: @testuser4:matrix.aibots.kz | AppCoordinator.swift:436 | spans: root
2025-08-03T18:03:15.866168Z  INFO elementx: AlternateAllRooms: Received state update: loaded(maximumNumberOfRooms: Optional(0)) | RoomSummaryProvider.swift:102 | spans: root
2025-08-03T18:03:15.866358Z  INFO elementx: LiveKit auth service configured with user session | LiveKitAuthService.swift:56 | spans: root
2025-08-03T18:03:15.866454Z  INFO elementx: AllRooms: Received state update: loaded(maximumNumberOfRooms: Optional(0)) | RoomSummaryProvider.swift:102 | spans: root
2025-08-03T18:03:15.866458Z  INFO elementx: Configuring LiveKit services with user session (isNewLogin: false) | AppCoordinator.swift:986 | spans: root
2025-08-03T18:03:15.866491Z  INFO elementx: LiveKit auth service configured with user session | LiveKitAuthService.swift:56 | spans: root
2025-08-03T18:03:15.866505Z  INFO elementx: LiveKitCallKitService configured with client proxy | LiveKitCallKitService.swift:95 | spans: root
2025-08-03T18:03:15.866524Z  INFO elementx: Setting up Matrix call event listener for LiveKit | AppCoordinator.swift:1002 | spans: root
2025-08-03T18:03:15.866557Z  INFO elementx: Matrix call event listener configured | AppCoordinator.swift:1018 | spans: root
2025-08-03T18:03:15.866605Z  INFO elementx: StaticAllRooms: Received state update: loaded(maximumNumberOfRooms: Optional(0)) | RoomSummaryProvider.swift:102 | spans: root
2025-08-03T18:03:15.866806Z  INFO elementx: 🔄 CRITICAL FIX: Skipping auto-registration - userSession: Available, token: Nil | NotificationManager.swift:161 | spans: root
2025-08-03T18:03:15.867210Z  INFO elementx: Starting sync | ClientProxy.swift:361 | spans: root
2025-08-03T18:03:15.867933Z  INFO elementx: Received room list update: settingUp | ClientProxy.swift:974 | spans: root
2025-08-03T18:03:15.868015Z  INFO elementx: Processing .createdUserSession event | AppCoordinator.swift:439 | spans: root
2025-08-03T18:03:15.868395Z DEBUG matrix_sdk::http_client::native: Sending request num_attempt=1 | crates/matrix-sdk/src/http_client/native.rs:78 | spans: root > send{request_id="REQ-16" method=GET uri="https://matrix.aibots.kz/_matrix/client/v3/user/@testuser4:matrix.aibots.kz/account_data/m.ignored_user_list"}
2025-08-03T18:03:15.870530Z DEBUG matrix_sdk::http_client: Got response | crates/matrix-sdk/src/http_client/mod.rs:214 | spans: keys_query{request_id="6c5893c32b4d4bf7abc8bb3979d633f6"} > update_state_after_keys_query > send{request_id="REQ-14" method=GET uri="https://matrix.aibots.kz/_matrix/client/v3/user/@testuser4:matrix.aibots.kz/account_data/m.secret_storage.default_key" status=200 response_size="42B"}
2025-08-03T18:03:15.870621Z DEBUG matrix_sdk::http_client: Got response | crates/matrix-sdk/src/http_client/mod.rs:214 | spans: root > next_sync_with_lock{store_generation=0} > sync_once{conn_id="encryption" } > send_outgoing_requests > keys_query{request_id="362cd635065247869bbfcfdcb4d1ff42"} > send{request_id="REQ-13" method=POST uri="https://matrix.aibots.kz/_matrix/client/v3/keys/query" request_size="50B" status=200 response_size="1.4k"}
2025-08-03T18:03:15.870700Z  INFO matrix_sdk::encryption::recovery: Recovery state changed from Unknown to Incomplete | crates/matrix-sdk/src/encryption/recovery/mod.rs:629 | spans: keys_query{request_id="6c5893c32b4d4bf7abc8bb3979d633f6"} > update_state_after_keys_query
2025-08-03T18:03:15.870826Z  INFO elementx: Session security state changed, verificationState: unverified, recoveryState: incomplete | UserSession.swift:47 | spans: root
2025-08-03T18:03:15.870913Z  INFO elementx: Recovery state changed to: incomplete, setting local state to incomplete | SecureBackupController.swift:79 | spans: root
2025-08-03T18:03:15.871062Z DEBUG matrix_sdk_crypto::identities::manager: Handling a `/keys/query` response request_id="362cd635065247869bbfcfdcb4d1ff42" users={"@testuser4:matrix.aibots.kz"} failures={} | crates/matrix-sdk-crypto/src/identities/manager.rs:135 | spans: root > next_sync_with_lock{store_generation=0} > sync_once{conn_id="encryption" } > send_outgoing_requests > keys_query{request_id="362cd635065247869bbfcfdcb4d1ff42"}
2025-08-03T18:03:15.871245Z  INFO elementx: Session security state changed, verificationState: unverified, recoveryState: incomplete | UserSession.swift:47 | spans: root
2025-08-03T18:03:15.871487Z  INFO matrix_sdk::encryption::backups: Setting up secret listeners and trying to resume backups | crates/matrix-sdk/src/encryption/backups/mod.rs:757 | spans: root
2025-08-03T18:03:15.871557Z  WARN matrix_sdk_crypto::identities::manager: Our own device might have been deleted user_id="@testuser4:matrix.aibots.kz" device_id="PGZXTNEIMN" curve25519_key="curve25519:QBFavKZvGrIWn6kyzGl4ziQPd6Wu56f9xjFZbG4Imzc" ed25519_key="ed25519:6LjsfFoxX87ecs2NL8uYxGIQdlj6iUQMV2R44wyv0vc" | crates/matrix-sdk-crypto/src/identities/manager.rs:352 | spans: root
2025-08-03T18:03:15.872032Z  INFO matrix_sdk::encryption::recovery: Setting up account data listeners and trying to setup recovery | crates/matrix-sdk/src/encryption/recovery/mod.rs:548 | spans: root
2025-08-03T18:03:15.872068Z DEBUG matrix_sdk::http_client::native: Sending request num_attempt=1 | crates/matrix-sdk/src/http_client/native.rs:78 | spans: root > send{request_id="REQ-17" method=GET uri="https://matrix.aibots.kz/_matrix/client/v3/user/@testuser4:matrix.aibots.kz/account_data/m.secret_storage.default_key"}
2025-08-03T18:03:15.872153Z DEBUG matrix_sdk::http_client::native: Sending request num_attempt=1 | crates/matrix-sdk/src/http_client/native.rs:78 | spans: root > send{request_id="REQ-18" method=GET uri="https://matrix.aibots.kz/_matrix/client/v3/user/@testuser4:matrix.aibots.kz/account_data/m.secret_storage.default_key"}
2025-08-03T18:03:15.873530Z DEBUG matrix_sdk_crypto::identities::manager: Finished handling of the `/keys/query` response request_id="362cd635065247869bbfcfdcb4d1ff42" new_devices={} changed_devices={} deleted_devices={} new_identities={} changed_identities={} | crates/matrix-sdk-crypto/src/identities/manager.rs:1205 | spans: root > next_sync_with_lock{store_generation=0} > sync_once{conn_id="encryption" } > send_outgoing_requests > keys_query{request_id="362cd635065247869bbfcfdcb4d1ff42"}
2025-08-03T18:03:15.873749Z DEBUG matrix_sdk::http_client::native: Sending request num_attempt=1 | crates/matrix-sdk/src/http_client/native.rs:78 | spans: root > next_sync_with_lock{store_generation=0} > sync_once{conn_id="encryption" } > send_outgoing_requests > keys_query{request_id="362cd635065247869bbfcfdcb4d1ff42"} > update_state_after_keys_query > send{request_id="REQ-19" method=GET uri="https://matrix.aibots.kz/_matrix/client/v3/user/@testuser4:matrix.aibots.kz/account_data/m.secret_storage.default_key"}
2025-08-03T18:03:15.874380Z  INFO elementx: Transitioning from `signedOut` to `signedIn` with event `createdUserSession` | AppCoordinatorStateMachine.swift:92 | spans: root
2025-08-03T18:03:15.874402Z  INFO elementx: Setting up user session, isNewLogin: true | AppCoordinator.swift:797 | spans: root
2025-08-03T18:03:15.874418Z  INFO elementx: Creating UserSessionFlowCoordinator for user: @testuser4:matrix.aibots.kz | AppCoordinator.swift:808 | spans: root
2025-08-03T18:03:15.880425Z DEBUG matrix_sdk::http_client: Error while sending request: Api(Server(ClientApi(Error { status_code: 404, body: Standard { kind: NotFound, message: "Account data not found" } }))) | crates/matrix-sdk/src/http_client/mod.rs:218 | spans: root > send{request_id="REQ-16" method=GET uri="https://matrix.aibots.kz/_matrix/client/v3/user/@testuser4:matrix.aibots.kz/account_data/m.ignored_user_list" status=404 response_size="58B"}
2025-08-03T18:03:15.881540Z  INFO elementx: NavigationSplitCoordinator(NavigationStackCoordinator(Empty) | Empty) Set sidebar: NavigationStackCoordinator(Empty) | NavigationCoordinators.swift:386 | spans: root
2025-08-03T18:03:15.888257Z  INFO elementx: Starting auto recovery key system setup | UserSessionFlowCoordinator.swift:633 | spans: root
OSStatus error:[-34018] Internal error when a required entitlement isn't present, client has neither application-identifier nor keychain-access-groups entitlements.
2025-08-03T18:03:15.890314Z ERROR elementx: Failed to check SSSS key existence: Internal error when a required entitlement isn't present, client has neither application-identifier nor keychain-access-groups entitlements. | KeychainController.swift:251 | spans: root
2025-08-03T18:03:15.890333Z  INFO elementx: No existing recovery key found in keychain, creating new one | UserSessionFlowCoordinator.swift:670 | spans: root
2025-08-03T18:03:15.890355Z  INFO elementx: UserSessionFlowCoordinator created successfully | AppCoordinator.swift:841 | spans: root
2025-08-03T18:03:15.891006Z  INFO elementx: Starting UserSessionFlowCoordinator | AppCoordinator.swift:869 | spans: root
2025-08-03T18:03:15.891032Z  INFO elementx: AuthenticationFlowCoordinator delegate notification completed | AuthenticationFlowCoordinator.swift:469 | spans: root
2025-08-03T18:03:15.891340Z DEBUG matrix_sdk::http_client: Got response | crates/matrix-sdk/src/http_client/mod.rs:214 | spans: root > send{request_id="REQ-18" method=GET uri="https://matrix.aibots.kz/_matrix/client/v3/user/@testuser4:matrix.aibots.kz/account_data/m.secret_storage.default_key" status=200 response_size="42B"}
2025-08-03T18:03:15.891439Z DEBUG matrix_sdk::http_client: Got response | crates/matrix-sdk/src/http_client/mod.rs:214 | spans: root > sync_once{conn_id="room-list" pos="0/s611_17295_0_366_596_6_11_882_0_1"} > send{request_id="REQ-15" method=POST uri="https://matrix.aibots.kz/_matrix/client/unstable/org.matrix.simplified_msc3575/sync" request_size="673B" status=200 response_size="241B"}
2025-08-03T18:03:15.891490Z DEBUG matrix_sdk::http_client: Got response | crates/matrix-sdk/src/http_client/mod.rs:214 | spans: root > next_sync_with_lock{store_generation=0} > sync_once{conn_id="encryption" } > send_outgoing_requests > keys_query{request_id="362cd635065247869bbfcfdcb4d1ff42"} > update_state_after_keys_query > send{request_id="REQ-19" method=GET uri="https://matrix.aibots.kz/_matrix/client/v3/user/@testuser4:matrix.aibots.kz/account_data/m.secret_storage.default_key" status=200 response_size="42B"}
2025-08-03T18:03:15.891578Z  INFO elementx: Session security state changed, verificationState: unverified, recoveryState: incomplete | UserSession.swift:47 | spans: root
2025-08-03T18:03:15.891896Z  INFO elementx: Recovery state changed to: incomplete, setting local state to incomplete | SecureBackupController.swift:79 | spans: root
2025-08-03T18:03:15.891621Z DEBUG matrix_sdk::http_client: Got response | crates/matrix-sdk/src/http_client/mod.rs:214 | spans: root > send{request_id="REQ-17" method=GET uri="https://matrix.aibots.kz/_matrix/client/v3/user/@testuser4:matrix.aibots.kz/account_data/m.secret_storage.default_key" status=200 response_size="42B"}
2025-08-03T18:03:15.892075Z DEBUG matrix_sdk::http_client::native: Sending request num_attempt=1 | crates/matrix-sdk/src/http_client/native.rs:78 | spans: root > send{request_id="REQ-20" method=GET uri="https://matrix.aibots.kz/_matrix/client/v3/room_keys/version"}
2025-08-03T18:03:15.892163Z  INFO elementx: Session security state changed, verificationState: unverified, recoveryState: incomplete | UserSession.swift:47 | spans: root
2025-08-03T18:03:15.892179Z  INFO elementx: Recovery state changed to: incomplete, setting local state to incomplete | SecureBackupController.swift:79 | spans: root
2025-08-03T18:03:15.892342Z  INFO elementx: Received room list update: running | ClientProxy.swift:974 | spans: root
2025-08-03T18:03:15.892606Z DEBUG matrix_sdk::http_client::native: Sending request num_attempt=1 | crates/matrix-sdk/src/http_client/native.rs:78 | spans: root > sync_once{conn_id="room-list" pos="0/s611_17295_0_366_596_6_11_883_0_1"} > send{request_id="REQ-21" method=POST uri="https://matrix.aibots.kz/_matrix/client/unstable/org.matrix.simplified_msc3575/sync" request_size="673B"}
2025-08-03T18:03:15.892779Z  INFO elementx: Session security state changed, verificationState: unverified, recoveryState: incomplete | UserSession.swift:47 | spans: root
2025-08-03T18:03:15.894131Z  INFO elementx: Transitioning from `startScreen` to `complete` with event `Optional(ElementX.AuthenticationFlowCoordinator.Event.signedIn)`. | AuthenticationFlowCoordinator.swift:259 | spans: root
2025-08-03T18:03:15.906446Z  INFO elementx: Attempting to start onboarding | UserSessionFlowCoordinator.swift:332 | spans: root
2025-08-03T18:03:15.906515Z  INFO elementx: Onboarding is not required, skipping - ensuring home screen is shown | UserSessionFlowCoordinator.swift:338 | spans: root
2025-08-03T18:03:15.906527Z  INFO elementx: Home screen not yet presented, ensuring it's shown | UserSessionFlowCoordinator.swift:340 | spans: root
2025-08-03T18:03:15.906553Z  INFO elementx: presentHomeScreen() called - creating HomeScreenCoordinator | UserSessionFlowCoordinator.swift:859 | spans: root
2025-08-03T18:03:15.907435Z  INFO elementx: Notification sound enabled: true | NotificationManager.swift:131 | spans: root
2025-08-03T18:03:15.907672Z  INFO elementx: 🔔 NOTIFICATION PERMISSIONS DIAGNOSTIC: | NotificationManager.swift:134 | spans: root
2025-08-03T18:03:15.911706Z DEBUG matrix_sdk::http_client: Got response | crates/matrix-sdk/src/http_client/mod.rs:214 | spans: root > next_sync_with_lock{store_generation=0} > sync_once{conn_id="encryption" } > send_outgoing_requests > keys_upload{request_id="cdf16f57f9a0497fa503a8f59a9dda8f"} > send{request_id="REQ-12" method=POST uri="https://matrix.aibots.kz/_matrix/client/v3/keys/upload" request_size="12.6k" status=200 response_size="48B"}
2025-08-03T18:03:15.911877Z DEBUG matrix_sdk_crypto::olm::account: Marking account as shared | crates/matrix-sdk-crypto/src/olm/account.rs:1254 | spans: root > next_sync_with_lock{store_generation=0} > sync_once{conn_id="encryption" } > send_outgoing_requests > keys_upload{request_id="cdf16f57f9a0497fa503a8f59a9dda8f"}
2025-08-03T18:03:15.911890Z DEBUG matrix_sdk_crypto::olm::account: Marking one-time keys as published | crates/matrix-sdk-crypto/src/olm/account.rs:1258 | spans: root > next_sync_with_lock{store_generation=0} > sync_once{conn_id="encryption" } > send_outgoing_requests > keys_upload{request_id="cdf16f57f9a0497fa503a8f59a9dda8f"}
2025-08-03T18:03:15.911974Z DEBUG matrix_sdk::http_client: Error while sending request: Api(Server(ClientApi(Error { status_code: 404, body: Standard { kind: NotFound, message: "No backup found" } }))) | crates/matrix-sdk/src/http_client/mod.rs:218 | spans: root > send{request_id="REQ-20" method=GET uri="https://matrix.aibots.kz/_matrix/client/v3/room_keys/version" status=404 response_size="51B"}
2025-08-03T18:03:15.912166Z DEBUG matrix_sdk_crypto::olm::account: Updated uploaded one-time key count 0 -> 50. | crates/matrix-sdk-crypto/src/olm/account.rs:548 | spans: root > next_sync_with_lock{store_generation=0} > sync_once{conn_id="encryption" } > send_outgoing_requests > keys_upload{request_id="cdf16f57f9a0497fa503a8f59a9dda8f"}
2025-08-03T18:03:15.912230Z DEBUG matrix_sdk::http_client::native: Sending request num_attempt=1 | crates/matrix-sdk/src/http_client/native.rs:78 | spans: root > send{request_id="REQ-22" method=GET uri="https://matrix.aibots.kz/_matrix/client/v3/user/@testuser4:matrix.aibots.kz/account_data/m.org.matrix.custom.backup_disabled"}
2025-08-03T18:03:15.913995Z DEBUG matrix_sdk_crypto::olm::account: Updated uploaded one-time key count 50 -> 0. | crates/matrix-sdk-crypto/src/olm/account.rs:548 | spans: root > next_sync_with_lock{store_generation=0} > sync_once{conn_id="encryption" } > handle_response > receive_sync_changes
2025-08-03T18:03:15.914660Z DEBUG matrix_sdk_crypto::olm::account: Generated new one-time keys count=50 discarded_keys=[] created_keys=["curve25519:HBwV9XLd7wVvHTWBwfrWvLTLSrvGju+ZOVgnHBIHLHs", "curve25519:jR0YfcVv/lViXGtG+QLmHU4vcBPmnMvoMKfdPIhCeTg", "curve25519:S2jBUh+8zLc+IYsNwKYDIi2j83Ytz9+opl6NcBV9Sk8", "curve25519:QEs+HtAGv049UDe+6L0XDpWQX7pz86PwV3mwZGSj/nk", "curve25519:MuyRhDQZlt+Grv/ifj7UJo5LRNrV5nwwPzAShbmHUy8", "curve25519:TFNDTSWN9g8cX+7ea6et+CUdbcvS5QefMnIZmCY8Tgs", "curve25519:GXrSAQVMbXBKZ4avbb+rKL4cgJf0BClP1iKOOTknHmI", "curve25519:Iyp3hsc+AYOg+p8VV2hHNyIJoZAwaEoQuuGZQ/gW2lc", "curve25519:vSzz2gr5g9/4s3ETKT6V7g+ygkAa/dHfiC0TPDUey1A", "curve25519:5pPmgdt2HozicXrWAGxBIu1k5p0s6uL7TZ3nGMq9HlE", "curve25519:psCoJnun/kiZ+yulfqpFi6cyns4OGG6tGX7ZS0kOWGI", "curve25519:O36LF8eNqCdPgzqKfmSKsYdyr9ZaqSmRiVtVpy7IJVA", "curve25519:yEltBJStIlBewAkqVsQKyK0i7hria/hrR6A4oN9s328", "curve25519:P8jVev27yFxtEU8m0NQsNVPmne0zKtcCNUKx6DglvBs", "curve25519:VlIfnHtoZO6NWLKkNzYlIGCHd+9ZipZsaXI377Om8WU", "curve25519:HOg2/bLt+nNdxKosL3KA/LBi745q2NrE5GKOWBB+txg", "curve25519:4VQ5zt30m44MF+xJpKiHjdXGTQB3ia1YafuaLtTT01M", "curve25519:0RNYujbFZTpNqTjgpddBBmMbIDoSwIq+6biBtKHjvHg", "curve25519:YjnH0pwplKQWTP8ANWiYU6oJHWkd9LfBNNnvnWbQChc", "curve25519:uQThLBdP3TK742+DN2+9LmeA76/RKSld3X7jMBDYKTQ", "curve25519:+iHQkCHuRw3aHWReSlXInWEwxv0mmAjZDN0j06tdVVc", "curve25519:FCM3ksriLP1OJIb5Sa3SyotOVW80fkE0O5qYmMxF3h0", "curve25519:HlaMDmHY0wMzt4gz2ssy/A/OCyLAxN/kmJE03D71MEk", "curve25519:JwRM0/2rdprCXH+I7nxA1HMGjQiOOrvndlj1wOvVUwI", "curve25519:zQOu6KPZtCItt/sSEiA0L5kOMI7i+NrOHmf/D71M1lc", "curve25519:+/vLWXn+Sf1GvyEW9c3SVcOZc5DcxKx3UBYunTYtpFg", "curve25519:lBQVd0gR87BWwUFI9kXY6eqBem/UgGH0myW6QJsStB0", "curve25519:AkSdqWJ1pu8iPryhtKwnoUdasc5yq4NZrWRkCUCx92o", "curve25519:ecq4Sn+j9DaXKcrDXoD+8FB+LLT4Q1Yy9w97jxn570w", "curve25519:Vl6gFOxBWlBPOViaj3WFo0Jdw/98QrL9zbgmcmI/eG0", "curve25519:anP5fLPmvfV9DC7j82ozs9OGgJkx31xE9szvUnw+Ajw", "curve25519:Oh9pgVYDOu4ap/uvv6a2UQpq2Y+YcQgbBcsJu14yQSk", "curve25519:d4RT/4LJv22krqM7rEk5ZAqj470+A2IT2XON+6r3hWE", "curve25519:Z8FFoXXbECpQybDl/hr6tauGSaS8J6q6xav8xpJ76EM", "curve25519:FgrD3OEG4tVHql40Ewus0xRfxjNVf7XlqmJtwNwIMHw", "curve25519:8VgKkBsD/HzIZWskpKsZWOl9QaLHXfY4yuWiDPkEtgw", "curve25519:/6nI/WYOuhu5vmHS82gqA0dqf0JUdKro60seH1dWNgM", "curve25519:q2BPweOrMMkJeGlmR6a/wglF6EfIjE66YrKj5ZKYgF4", "curve25519:Eqxdf63sDFDhVk0AzV7Byum3Ibv4OraTEFl1ThzvtiY", "curve25519:fYXWr2c/FDY8e6nqNxpSj0Pb9Sy8d/FSPNK4PrjxXnI", "curve25519:c9h3oDb8S0v1z02lIQ6UL3i5w0So84dGwSOaQ6nyGBQ", "curve25519:3zm94BN7a0QgRjEUMOW8fI6WU6kWIzvdvRFndNUwISU", "curve25519:xsbRqxOEIiXIBk6yQawvR75tmwuJv/dn3T32Eq/tKw0", "curve25519:KFw42KWxYBgFK2ElK35Td6Klmnwxz2N8vlIprkI/61Y", "curve25519:7hiI0y97cUct0kLoDnU84wKHbozss+RY6Ti2beXqthI", "curve25519:GaNy+9ReIEV4A/79WjM6aSXvKo5Zv3kiOuiUG5ek7Qc", "curve25519:yNeDSGjS0loWTztHiGMrl4puLagqKUdRVntCSSYrJxI", "curve25519:WxItl2VLBBSR94icvHs4hQKiT5+33uPdEXv8uIGPQx4", "curve25519:rCj0bLwgkQjqTfu3itwTeH23SVPbVpL6YybwjbXXpU4", "curve25519:chbksmX/ImunY/6TlyiPUXYySCzIFiNKfRxrtyNWKjQ"] | crates/matrix-sdk-crypto/src/olm/account.rs:595 | spans: root > next_sync_with_lock{store_generation=0} > sync_once{conn_id="encryption" } > handle_response > receive_sync_changes > generate_one_time_keys_if_needed
2025-08-03T18:03:15.915514Z DEBUG matrix_sdk_crypto::olm::account: The fallback key either expired or we didn't have one: generated a new fallback key. removed_fallback_key=None | crates/matrix-sdk-crypto/src/olm/account.rs:616 | spans: root > next_sync_with_lock{store_generation=0} > sync_once{conn_id="encryption" } > handle_response > receive_sync_changes
2025-08-03T18:03:15.917633Z  WARN matrix_sdk_crypto::backups: Trying to backup room keys but no backup key was found | crates/matrix-sdk-crypto/src/backups/mod.rs:523 | spans: root
2025-08-03T18:03:15.918040Z DEBUG matrix_sdk::http_client::native: Sending request num_attempt=1 | crates/matrix-sdk/src/http_client/native.rs:78 | spans: root > next_sync_with_lock{store_generation=0} > sync_once{conn_id="encryption" pos="0/s611_17295_0_366_596_6_11_882_0_1"} > send{request_id="REQ-23" method=POST uri="https://matrix.aibots.kz/_matrix/client/unstable/org.matrix.simplified_msc3575/sync" request_size="149B"}
2025-08-03T18:03:15.918207Z DEBUG matrix_sdk_crypto::session_manager::sessions: Collected user/device pairs that are missing an Olm session missing_session_devices_by_user={} timed_out_devices_by_user={} | crates/matrix-sdk-crypto/src/session_manager/sessions.rs:287 | spans: root > next_sync_with_lock{store_generation=0} > sync_once{conn_id="encryption" pos="0/s611_17295_0_366_596_6_11_882_0_1"} > send_outgoing_requests > get_missing_sessions
2025-08-03T18:03:15.919769Z DEBUG matrix_sdk::http_client::native: Sending request num_attempt=1 | crates/matrix-sdk/src/http_client/native.rs:78 | spans: root > next_sync_with_lock{store_generation=0} > sync_once{conn_id="encryption" pos="0/s611_17295_0_366_596_6_11_882_0_1"} > send_outgoing_requests > keys_upload{request_id="51a7482d705245f9a4cac2db789df56d"} > send{request_id="REQ-24" method=POST uri="https://matrix.aibots.kz/_matrix/client/v3/keys/upload" request_size="12.4k"}
2025-08-03T18:03:15.922440Z  INFO elementx: HomeScreenCoordinator created successfully | UserSessionFlowCoordinator.swift:869 | spans: root
2025-08-03T18:03:15.923134Z  INFO elementx: Setting HomeScreenCoordinator as root coordinator | UserSessionFlowCoordinator.swift:911 | spans: root
2025-08-03T18:03:15.925175Z DEBUG matrix_sdk::http_client: Got response | crates/matrix-sdk/src/http_client/mod.rs:214 | spans: root > send{request_id="REQ-22" method=GET uri="https://matrix.aibots.kz/_matrix/client/v3/user/@testuser4:matrix.aibots.kz/account_data/m.org.matrix.custom.backup_disabled" status=200 response_size="18B"}
2025-08-03T18:03:15.925336Z  INFO matrix_sdk::encryption::recovery: Trying to automatically enable backups | crates/matrix-sdk/src/encryption/recovery/mod.rs:557 | spans: root
2025-08-03T18:03:15.925358Z  INFO elementx: 📱 Authorization Status: 2 (UNAuthorizationStatus(rawValue: 2)) | NotificationManager.swift:135 | spans: root
2025-08-03T18:03:15.925381Z  INFO elementx: 🎵 Sound Setting: 2 | NotificationManager.swift:136 | spans: root
2025-08-03T18:03:15.925395Z  INFO elementx: 🚨 Alert Setting: 2 | NotificationManager.swift:137 | spans: root
2025-08-03T18:03:15.925409Z  INFO elementx: 🔴 Badge Setting: 2 | NotificationManager.swift:138 | spans: root
2025-08-03T18:03:15.925452Z  INFO elementx: 📢 Notification Center Setting: 2 | NotificationManager.swift:139 | spans: root
2025-08-03T18:03:15.925455Z DEBUG matrix_sdk::http_client::native: Sending request num_attempt=1 | crates/matrix-sdk/src/http_client/native.rs:78 | spans: root > enable_backup > send{request_id="REQ-25" method=GET uri="https://matrix.aibots.kz/_matrix/client/v3/room_keys/version"}
2025-08-03T18:03:15.925469Z  INFO elementx: 🔒 Lock Screen Setting: 2 | NotificationManager.swift:140 | spans: root
2025-08-03T18:03:15.925539Z  INFO elementx: ⚙️ App enableNotifications: true | NotificationManager.swift:141 | spans: root
2025-08-03T18:03:15.925564Z  INFO elementx: 🎯 App hideUnreadMessagesBadge: false | NotificationManager.swift:142 | spans: root
2025-08-03T18:03:15.928368Z  INFO elementx: NavigationStackCoordinator(ElementX.HomeScreenCoordinator) Set root: ElementX.HomeScreenCoordinator | NavigationCoordinators.swift:759 | spans: root
2025-08-03T18:03:15.928390Z  INFO elementx: Setting navigationSplitCoordinator as root coordinator in navigationRootCoordinator | UserSessionFlowCoordinator.swift:914 | spans: root
2025-08-03T18:03:15.931461Z  INFO elementx: NavigationRootCoordinator(NavigationSplitCoordinator(NavigationStackCoordinator(ElementX.HomeScreenCoordinator) | Empty) Set root: NavigationSplitCoordinator(NavigationStackCoordinator(ElementX.HomeScreenCoordinator) | Empty) | NavigationRootCoordinator.swift:149 | spans: root
2025-08-03T18:03:15.931500Z  INFO elementx: Home screen setup completed successfully | UserSessionFlowCoordinator.swift:916 | spans: root
2025-08-03T18:03:15.931590Z  INFO elementx: Starting UserSessionFlowCoordinator on main thread | AppCoordinator.swift:875 | spans: root
2025-08-03T18:03:15.931604Z  INFO elementx: Starting SAFE auto recovery setup for user: @testuser4:matrix.aibots.kz | ClientProxy.swift:1214 | spans: root
2025-08-03T18:03:15.940312Z  INFO elementx: Transitioning from `initial` to `roomList(roomListSelectedRoomID: nil)` with event `start` | UserSessionFlowCoordinatorStateMachine.swift:227 | spans: root
2025-08-03T18:03:15.940349Z  INFO elementx: State machine transition: .initial -> .start -> .roomList | UserSessionFlowCoordinator.swift:365 | spans: root
2025-08-03T18:03:15.940361Z  INFO elementx: Onboarding already attempted, skipping | UserSessionFlowCoordinator.swift:327 | spans: root
2025-08-03T18:03:15.940407Z  INFO elementx: UserSessionFlowCoordinator started and assigned | AppCoordinator.swift:880 | spans: root
2025-08-03T18:03:15.946119Z DEBUG matrix_sdk::http_client: Error while sending request: Api(Server(ClientApi(Error { status_code: 404, body: Standard { kind: NotFound, message: "No backup found" } }))) | crates/matrix-sdk/src/http_client/mod.rs:218 | spans: root > enable_backup > send{request_id="REQ-25" method=GET uri="https://matrix.aibots.kz/_matrix/client/v3/room_keys/version" status=404 response_size="51B"}
2025-08-03T18:03:15.946239Z DEBUG matrix_sdk::http_client::native: Sending request num_attempt=1 | crates/matrix-sdk/src/http_client/native.rs:78 | spans: root > enable_backup > send{request_id="REQ-26" method=PUT uri="https://matrix.aibots.kz/_matrix/client/v3/user/@testuser4:matrix.aibots.kz/account_data/m.org.matrix.custom.backup_disabled" request_size="18B"}
2025-08-03T18:03:15.950193Z DEBUG matrix_sdk::http_client: Got response | crates/matrix-sdk/src/http_client/mod.rs:214 | spans: root > next_sync_with_lock{store_generation=0} > sync_once{conn_id="encryption" pos="0/s611_17295_0_366_596_6_11_882_0_1"} > send{request_id="REQ-23" method=POST uri="https://matrix.aibots.kz/_matrix/client/unstable/org.matrix.simplified_msc3575/sync" request_size="149B" status=200 response_size="285B"}
2025-08-03T18:03:15.980624Z DEBUG matrix_sdk::http_client: Got response | crates/matrix-sdk/src/http_client/mod.rs:214 | spans: root > enable_backup > send{request_id="REQ-26" method=PUT uri="https://matrix.aibots.kz/_matrix/client/v3/user/@testuser4:matrix.aibots.kz/account_data/m.org.matrix.custom.backup_disabled" request_size="18B" status=200 response_size="2B"}
2025-08-03T18:03:15.980644Z  INFO matrix_sdk::encryption::backups: Backup state changed from Unknown to Creating | crates/matrix-sdk/src/encryption/backups/mod.rs:524 | spans: root > enable_backup
2025-08-03T18:03:15.980843Z  INFO elementx: Key backup state changed to: creating, setting local state to enabling | SecureBackupController.swift:58 | spans: root
2025-08-03T18:03:15.980955Z DEBUG matrix_sdk::http_client::native: Sending request num_attempt=1 | crates/matrix-sdk/src/http_client/native.rs:78 | spans: root > enable_backup > send{request_id="REQ-27" method=POST uri="https://matrix.aibots.kz/_matrix/client/v3/room_keys/version" request_size="284B"}
2025-08-03T18:03:15.984926Z DEBUG matrix_sdk::http_client: Got response | crates/matrix-sdk/src/http_client/mod.rs:214 | spans: root > next_sync_with_lock{store_generation=0} > sync_once{conn_id="encryption" pos="0/s611_17295_0_366_596_6_11_882_0_1"} > send_outgoing_requests > keys_upload{request_id="51a7482d705245f9a4cac2db789df56d"} > send{request_id="REQ-24" method=POST uri="https://matrix.aibots.kz/_matrix/client/v3/keys/upload" request_size="12.4k" status=200 response_size="49B"}
2025-08-03T18:03:15.984945Z DEBUG matrix_sdk_crypto::olm::account: Marking one-time keys as published | crates/matrix-sdk-crypto/src/olm/account.rs:1258 | spans: root > next_sync_with_lock{store_generation=0} > sync_once{conn_id="encryption" pos="0/s611_17295_0_366_596_6_11_882_0_1"} > send_outgoing_requests > keys_upload{request_id="51a7482d705245f9a4cac2db789df56d"}
2025-08-03T18:03:15.984953Z DEBUG matrix_sdk_crypto::olm::account: Updated uploaded one-time key count 0 -> 100. | crates/matrix-sdk-crypto/src/olm/account.rs:548 | spans: root > next_sync_with_lock{store_generation=0} > sync_once{conn_id="encryption" pos="0/s611_17295_0_366_596_6_11_882_0_1"} > send_outgoing_requests > keys_upload{request_id="51a7482d705245f9a4cac2db789df56d"}
2025-08-03T18:03:15.986909Z DEBUG matrix_sdk_crypto::olm::account: Updated uploaded one-time key count 100 -> 50. | crates/matrix-sdk-crypto/src/olm/account.rs:548 | spans: root > next_sync_with_lock{store_generation=0} > sync_once{conn_id="encryption" pos="0/s611_17295_0_366_596_6_11_882_0_1"} > handle_response > receive_sync_changes
2025-08-03T18:03:15.989153Z  WARN matrix_sdk_crypto::backups: Trying to backup room keys but no backup key was found | crates/matrix-sdk-crypto/src/backups/mod.rs:523 | spans: root
2025-08-03T18:03:15.989446Z DEBUG matrix_sdk::http_client: Got response | crates/matrix-sdk/src/http_client/mod.rs:214 | spans: root > sync_once{conn_id="room-list" pos="0/s611_17295_0_366_596_6_11_883_0_1"} > send{request_id="REQ-21" method=POST uri="https://matrix.aibots.kz/_matrix/client/unstable/org.matrix.simplified_msc3575/sync" request_size="673B" status=200 response_size="316B"}
2025-08-03T18:03:15.989815Z DEBUG matrix_sdk::http_client::native: Sending request num_attempt=1 | crates/matrix-sdk/src/http_client/native.rs:78 | spans: root > next_sync_with_lock{store_generation=0} > sync_once{conn_id="encryption" pos="0/s611_17295_0_366_596_6_11_883_0_1"} > send{request_id="REQ-28" method=POST uri="https://matrix.aibots.kz/_matrix/client/unstable/org.matrix.simplified_msc3575/sync" request_size="149B"}
2025-08-03T18:03:15.989857Z DEBUG matrix_sdk_crypto::session_manager::sessions: Collected user/device pairs that are missing an Olm session missing_session_devices_by_user={} timed_out_devices_by_user={} | crates/matrix-sdk-crypto/src/session_manager/sessions.rs:287 | spans: root > next_sync_with_lock{store_generation=0} > sync_once{conn_id="encryption" pos="0/s611_17295_0_366_596_6_11_883_0_1"} > send_outgoing_requests > get_missing_sessions
2025-08-03T18:03:15.989876Z DEBUG matrix_sdk_crypto::identities::manager: Created a /keys/query request request_id="f6b9f922084e46d4a92853b498937aae" users=["@testuser4:matrix.aibots.kz"] | crates/matrix-sdk-crypto/src/identities/manager.rs:877 | spans: root > next_sync_with_lock{store_generation=0} > sync_once{conn_id="encryption" pos="0/s611_17295_0_366_596_6_11_883_0_1"} > send_outgoing_requests
2025-08-03T18:03:15.990220Z DEBUG matrix_sdk::http_client::native: Sending request num_attempt=1 | crates/matrix-sdk/src/http_client/native.rs:78 | spans: root > next_sync_with_lock{store_generation=0} > sync_once{conn_id="encryption" pos="0/s611_17295_0_366_596_6_11_883_0_1"} > send_outgoing_requests > keys_query{request_id="f6b9f922084e46d4a92853b498937aae"} > send{request_id="REQ-29" method=POST uri="https://matrix.aibots.kz/_matrix/client/v3/keys/query" request_size="50B"}
2025-08-03T18:03:15.990903Z DEBUG matrix_sdk::http_client::native: Sending request num_attempt=1 | crates/matrix-sdk/src/http_client/native.rs:78 | spans: root > sync_once{conn_id="room-list" pos="0/s611_17295_0_366_597_6_11_883_0_1"} > send{request_id="REQ-30" method=POST uri="https://matrix.aibots.kz/_matrix/client/unstable/org.matrix.simplified_msc3575/sync" request_size="673B"}
2025-08-03T18:03:15.991001Z  INFO elementx: Received room list update: running | ClientProxy.swift:974 | spans: root
2025-08-03T18:03:15.994791Z DEBUG matrix_sdk::http_client: Got response | crates/matrix-sdk/src/http_client/mod.rs:214 | spans: root > enable_backup > send{request_id="REQ-27" method=POST uri="https://matrix.aibots.kz/_matrix/client/v3/room_keys/version" request_size="284B" status=200 response_size="15B"}
2025-08-03T18:03:15.994829Z DEBUG matrix_sdk_crypto::backups: Disabling key backup and resetting backup state for room keys | crates/matrix-sdk-crypto/src/backups/mod.rs:413 | spans: root > enable_backup > disable_backup
2025-08-03T18:03:15.994921Z DEBUG matrix_sdk_crypto::backups: Done disabling backup | crates/matrix-sdk-crypto/src/backups/mod.rs:420 | spans: root > enable_backup > disable_backup
2025-08-03T18:03:15.995288Z  INFO matrix_sdk_crypto::backups: Activated a backup backup_key=MegolmV1BackupKey { key: "Pql4PzF+WiEWgBM4vcXB3LgRrSnfwKB4XsWrM/RDIVc", version: Some("1") } | crates/matrix-sdk-crypto/src/backups/mod.rs:393 | spans: root > enable_backup
2025-08-03T18:03:15.995301Z  INFO matrix_sdk::encryption::backups: Backup state changed from Creating to Enabled | crates/matrix-sdk/src/encryption/backups/mod.rs:524 | spans: root > enable_backup
2025-08-03T18:03:15.995410Z  INFO elementx: Key backup state changed to: enabled, setting local state to enabled | SecureBackupController.swift:58 | spans: root
2025-08-03T18:03:15.995475Z DEBUG matrix_sdk::http_client::native: Sending request num_attempt=1 | crates/matrix-sdk/src/http_client/native.rs:78 | spans: root > send{request_id="REQ-31" method=GET uri="https://matrix.aibots.kz/_matrix/client/v3/user/@testuser4:matrix.aibots.kz/account_data/m.secret_storage.default_key"}
2025-08-03T18:03:16.006245Z DEBUG matrix_sdk::http_client: Got response | crates/matrix-sdk/src/http_client/mod.rs:214 | spans: root > send{request_id="REQ-31" method=GET uri="https://matrix.aibots.kz/_matrix/client/v3/user/@testuser4:matrix.aibots.kz/account_data/m.secret_storage.default_key" status=200 response_size="42B"}
2025-08-03T18:03:16.006334Z  INFO elementx: Session security state changed, verificationState: unverified, recoveryState: incomplete | UserSession.swift:47 | spans: root
2025-08-03T18:03:16.006381Z  INFO elementx: Recovery state changed to: incomplete, setting local state to incomplete | SecureBackupController.swift:79 | spans: root
2025-08-03T18:03:16.012060Z DEBUG matrix_sdk::http_client: Got response | crates/matrix-sdk/src/http_client/mod.rs:214 | spans: root > next_sync_with_lock{store_generation=0} > sync_once{conn_id="encryption" pos="0/s611_17295_0_366_596_6_11_883_0_1"} > send{request_id="REQ-28" method=POST uri="https://matrix.aibots.kz/_matrix/client/unstable/org.matrix.simplified_msc3575/sync" request_size="149B" status=200 response_size="276B"}
2025-08-03T18:03:16.015598Z DEBUG matrix_sdk::http_client: Got response | crates/matrix-sdk/src/http_client/mod.rs:214 | spans: root > next_sync_with_lock{store_generation=0} > sync_once{conn_id="encryption" pos="0/s611_17295_0_366_596_6_11_883_0_1"} > send_outgoing_requests > keys_query{request_id="f6b9f922084e46d4a92853b498937aae"} > send{request_id="REQ-29" method=POST uri="https://matrix.aibots.kz/_matrix/client/v3/keys/query" request_size="50B" status=200 response_size="1.9k"}
2025-08-03T18:03:16.015639Z DEBUG matrix_sdk_crypto::identities::manager: Handling a `/keys/query` response request_id="f6b9f922084e46d4a92853b498937aae" users={"@testuser4:matrix.aibots.kz"} failures={} | crates/matrix-sdk-crypto/src/identities/manager.rs:135 | spans: root > next_sync_with_lock{store_generation=0} > sync_once{conn_id="encryption" pos="0/s611_17295_0_366_596_6_11_883_0_1"} > send_outgoing_requests > keys_query{request_id="f6b9f922084e46d4a92853b498937aae"}
2025-08-03T18:03:16.017536Z DEBUG matrix_sdk_crypto::identities::manager: Finished handling of the `/keys/query` response request_id="f6b9f922084e46d4a92853b498937aae" new_devices={} changed_devices={"@testuser4:matrix.aibots.kz": {"PGZXTNEIMN"}} deleted_devices={} new_identities={} changed_identities={} | crates/matrix-sdk-crypto/src/identities/manager.rs:1205 | spans: root > next_sync_with_lock{store_generation=0} > sync_once{conn_id="encryption" pos="0/s611_17295_0_366_596_6_11_883_0_1"} > send_outgoing_requests > keys_query{request_id="f6b9f922084e46d4a92853b498937aae"}
2025-08-03T18:03:16.017580Z DEBUG matrix_sdk::http_client::native: Sending request num_attempt=1 | crates/matrix-sdk/src/http_client/native.rs:78 | spans: root > next_sync_with_lock{store_generation=0} > sync_once{conn_id="encryption" pos="0/s611_17295_0_366_596_6_11_883_0_1"} > send_outgoing_requests > keys_query{request_id="f6b9f922084e46d4a92853b498937aae"} > update_state_after_keys_query > send{request_id="REQ-32" method=GET uri="https://matrix.aibots.kz/_matrix/client/v3/user/@testuser4:matrix.aibots.kz/account_data/m.secret_storage.default_key"}
2025-08-03T18:03:16.028048Z DEBUG matrix_sdk::http_client: Got response | crates/matrix-sdk/src/http_client/mod.rs:214 | spans: root > next_sync_with_lock{store_generation=0} > sync_once{conn_id="encryption" pos="0/s611_17295_0_366_596_6_11_883_0_1"} > send_outgoing_requests > keys_query{request_id="f6b9f922084e46d4a92853b498937aae"} > update_state_after_keys_query > send{request_id="REQ-32" method=GET uri="https://matrix.aibots.kz/_matrix/client/v3/user/@testuser4:matrix.aibots.kz/account_data/m.secret_storage.default_key" status=200 response_size="42B"}
2025-08-03T18:03:16.028128Z  INFO elementx: Session security state changed, verificationState: unverified, recoveryState: incomplete | UserSession.swift:47 | spans: root
2025-08-03T18:03:16.028160Z  INFO elementx: Recovery state changed to: incomplete, setting local state to incomplete | SecureBackupController.swift:79 | spans: root
2025-08-03T18:03:16.028474Z DEBUG matrix_sdk_crypto::olm::account: Updated uploaded one-time key count 50 -> 100. | crates/matrix-sdk-crypto/src/olm/account.rs:548 | spans: root > next_sync_with_lock{store_generation=0} > sync_once{conn_id="encryption" pos="0/s611_17295_0_366_596_6_11_883_0_1"} > handle_response > receive_sync_changes
2025-08-03T18:03:16.028561Z  INFO elementx: Session security state changed, verificationState: unverified, recoveryState: incomplete | UserSession.swift:47 | spans: root
2025-08-03T18:03:16.031176Z DEBUG matrix_sdk::http_client::native: Sending request num_attempt=1 | crates/matrix-sdk/src/http_client/native.rs:78 | spans: root > next_sync_with_lock{store_generation=0} > sync_once{conn_id="encryption" pos="0/s611_17295_0_366_597_6_11_883_0_1"} > send{request_id="REQ-33" method=POST uri="https://matrix.aibots.kz/_matrix/client/unstable/org.matrix.simplified_msc3575/sync" request_size="149B"}
2025-08-03T18:03:16.031312Z DEBUG matrix_sdk_crypto::session_manager::sessions: Collected user/device pairs that are missing an Olm session missing_session_devices_by_user={} timed_out_devices_by_user={} | crates/matrix-sdk-crypto/src/session_manager/sessions.rs:287 | spans: root > next_sync_with_lock{store_generation=0} > sync_once{conn_id="encryption" pos="0/s611_17295_0_366_597_6_11_883_0_1"} > send_outgoing_requests > get_missing_sessions
2025-08-03T18:03:16.104059Z  INFO elementx: Onboarding already attempted, skipping | UserSessionFlowCoordinator.swift:327 | spans: root
2025-08-03T18:03:16.104123Z  INFO elementx: Onboarding already attempted, skipping | UserSessionFlowCoordinator.swift:327 | spans: root
2025-08-03T18:03:16.104360Z  INFO elementx: Received room summary provider update, setting view room list mode to "Showing empty state" | HomeScreenViewModel.swift:299 | spans: root
2025-08-03T18:03:16.106985Z  INFO elementx: Backup state changed - Recovery: incomplete, KeyBackup: enabled | AutoRecoveryKeyService.swift:1326 | spans: root
2025-08-03T18:03:16.107015Z  INFO elementx: Auto recovery observers set up successfully | AutoRecoveryKeyService.swift:1321 | spans: root
2025-08-03T18:03:16.107037Z  INFO elementx: [AutoRecovery] ✅ Starting CRITICAL post-login recovery check | AutoRecoveryKeyService.swift:213 | spans: root
2025-08-03T18:03:16.107050Z  INFO elementx: [AutoRecovery] This check determines if automatic recovery will work or if manual input is needed | AutoRecoveryKeyService.swift:213 | spans: root
2025-08-03T18:03:16.107837Z  INFO elementx: Onboarding already attempted, skipping | UserSessionFlowCoordinator.swift:327 | spans: root
2025-08-03T18:03:16.107890Z  INFO elementx: Onboarding already attempted, skipping | UserSessionFlowCoordinator.swift:327 | spans: root
2025-08-03T18:03:16.107940Z  INFO elementx: Onboarding already attempted, skipping | UserSessionFlowCoordinator.swift:327 | spans: root
2025-08-03T18:03:16.153887Z  INFO elementx: [AppDelegate] 🎯 ===== DEVICE TOKEN RECEIVED ===== | AppDelegate.swift:42 | spans: root
2025-08-03T18:03:16.153913Z  INFO elementx: [AppDelegate] 📦 Bundle ID: io.sergeyshmagin.kdbchat | AppDelegate.swift:43 | spans: root
2025-08-03T18:03:16.153928Z  INFO elementx: [AppDelegate] 🔑 Device Token (HEX): 7b04763caa3fab8fc0818abeb846eb945e5d644b2c5bfeec30258d61c280960f | AppDelegate.swift:44 | spans: root
2025-08-03T18:03:16.153942Z  INFO elementx: [AppDelegate] 🔑 Device Token (Base64): ewR2PKo/q4/AgYq+uEbrlF5dZEssW/7sMCWNYcKAlg8= | AppDelegate.swift:45 | spans: root
2025-08-03T18:03:16.153955Z  INFO elementx: [AppDelegate] 🔑 Token Length (HEX): 64 chars | AppDelegate.swift:46 | spans: root
2025-08-03T18:03:16.153970Z  INFO elementx: [AppDelegate] 🔑 Token Length (Base64): 44 chars | AppDelegate.swift:47 | spans: root
2025-08-03T18:03:16.154000Z  INFO elementx: [AppDelegate] 📱 Device: iPhone (iOS 18.5) | AppDelegate.swift:48 | spans: root
2025-08-03T18:03:16.154032Z  INFO elementx: [AppDelegate] 🏗️ Build Config: 15 | AppDelegate.swift:49 | spans: root
2025-08-03T18:03:16.154240Z  INFO elementx: [AppDelegate] ========================================== | AppDelegate.swift:50 | spans: root
2025-08-03T18:03:16.156144Z  INFO elementx: [AutoRecovery] Starting SAFE auto recovery setup using Matrix unified Recovery API | AutoRecoveryKeyService.swift:213 | spans: root
2025-08-03T18:03:16.160408Z  INFO elementx: [AutoRecovery] Recovery state changed from notSetup to setupInProgress in context: performSafeSetupInternal | AutoRecoveryKeyService.swift:213 | spans: root
2025-08-03T18:03:16.164327Z  INFO elementx: [AutoRecovery] Recovery state changed from setupInProgress to validating in context: checking recovery state | AutoRecoveryKeyService.swift:213 | spans: root
2025-08-03T18:03:16.164353Z  INFO elementx: [AutoRecovery] Current recovery state: incomplete | AutoRecoveryKeyService.swift:213 | spans: root
2025-08-03T18:03:16.164370Z  WARN elementx: [AutoRecovery] ⚠️ CRITICAL: Recovery setup is incomplete | AutoRecoveryKeyService.swift:215 | spans: root
2025-08-03T18:03:16.164382Z  INFO elementx: [AutoRecovery] This means recovery was previously set up but is not fully functional | AutoRecoveryKeyService.swift:213 | spans: root
2025-08-03T18:03:16.164394Z  INFO elementx: [AutoRecovery] This is the ROOT CAUSE of the 'Key storage not synchronized' message | AutoRecoveryKeyService.swift:213 | spans: root
2025-08-03T18:03:16.167435Z  INFO elementx: SSSS recovery key retrieved for user: @testuser4:matrix.aibots.kz | KeychainController.swift:234 | spans: root
2025-08-03T18:03:16.167461Z  INFO elementx: [AutoRecovery] Found existing local recovery key in getExistingLocalRecoveryKey: preview=EsTF aqXx ... 4r6y | AutoRecoveryKeyService.swift:213 | spans: root
2025-08-03T18:03:16.167539Z  INFO elementx: [AutoRecovery] Recovery key validation: length=48, preview=EsTFaqXxW9...d4r6y | AutoRecoveryKeyService.swift:213 | spans: root
2025-08-03T18:03:16.169121Z  INFO elementx: [AutoRecovery] Recovery key structure validation passed - correct Matrix format | AutoRecoveryKeyService.swift:213 | spans: root
2025-08-03T18:03:16.169148Z  INFO elementx: [AutoRecovery] Recovery key passed full Matrix specification validation | AutoRecoveryKeyService.swift:213 | spans: root
2025-08-03T18:03:16.169161Z  INFO elementx: [AutoRecovery] Recovery key format validation passed | AutoRecoveryKeyService.swift:213 | spans: root
2025-08-03T18:03:16.169173Z  INFO elementx: [AutoRecovery] Found local key for incomplete recovery state - attempting to complete | AutoRecoveryKeyService.swift:213 | spans: root
2025-08-03T18:03:16.169185Z  INFO elementx: [AutoRecovery] Attempting to recover from existing local key | AutoRecoveryKeyService.swift:213 | spans: root
2025-08-03T18:03:16.169220Z  INFO elementx: [AutoRecovery] Recovery state changed from validating to validating in context: recoverFromExistingKey | AutoRecoveryKeyService.swift:213 | spans: root
2025-08-03T18:03:16.169267Z  INFO elementx: Confirming recovery key | SecureBackupController.swift:148 | spans: root
2025-08-03T18:03:16.169354Z DEBUG matrix_sdk::http_client::native: Sending request num_attempt=1 | crates/matrix-sdk/src/http_client/native.rs:78 | spans: root > recover > send{request_id="REQ-34" method=GET uri="https://matrix.aibots.kz/_matrix/client/v3/user/@testuser4:matrix.aibots.kz/account_data/m.secret_storage.default_key"}
2025-08-03T18:03:16.175839Z  INFO elementx: Onboarding already attempted, skipping | UserSessionFlowCoordinator.swift:327 | spans: root
2025-08-03T18:03:16.175908Z  INFO elementx: Onboarding already attempted, skipping | UserSessionFlowCoordinator.swift:327 | spans: root
2025-08-03T18:03:16.175955Z  INFO elementx: Onboarding already attempted, skipping | UserSessionFlowCoordinator.swift:327 | spans: root
2025-08-03T18:03:16.181268Z DEBUG matrix_sdk::http_client: Got response | crates/matrix-sdk/src/http_client/mod.rs:214 | spans: root > recover > send{request_id="REQ-34" method=GET uri="https://matrix.aibots.kz/_matrix/client/v3/user/@testuser4:matrix.aibots.kz/account_data/m.secret_storage.default_key" status=200 response_size="42B"}
2025-08-03T18:03:16.181553Z DEBUG matrix_sdk::http_client::native: Sending request num_attempt=1 | crates/matrix-sdk/src/http_client/native.rs:78 | spans: root > recover > send{request_id="REQ-35" method=GET uri="https://matrix.aibots.kz/_matrix/client/v3/user/@testuser4:matrix.aibots.kz/account_data/m.secret_storage.key.SOLI8S87tfQr4Pbl8GMn4DVFeLHFoN7a"}
2025-08-03T18:03:16.210861Z DEBUG matrix_sdk::http_client: Got response | crates/matrix-sdk/src/http_client/mod.rs:214 | spans: root > recover > send{request_id="REQ-35" method=GET uri="https://matrix.aibots.kz/_matrix/client/v3/user/@testuser4:matrix.aibots.kz/account_data/m.secret_storage.key.SOLI8S87tfQr4Pbl8GMn4DVFeLHFoN7a" status=200 response_size="143B"}
2025-08-03T18:03:16.212528Z  INFO matrix_sdk::encryption::secret_storage::secret_store: Fetching the private cross-signing keys from the secret store | crates/matrix-sdk/src/encryption/secret_storage/secret_store.rs:373 | spans: root > recover > import_secrets{self=SecretStore { key: SecretStorageKey { storage_key_info: SecretStorageKeyEventContent { key_id: "SOLI8S87tfQr4Pbl8GMn4DVFeLHFoN7a", name: None, algorithm: V1AesHmacSha2(SecretStorageV1AesHmacSha2Properties { iv: Some("rNV49iQTT0wpQKtpj+SbUA"), mac: Some("Nqi65yXyTNe95yBmrgPxZSRML2sAvGMzFgVuTi9YpZs") }), passphrase: None }, .. }, .. } user_id=@testuser4:matrix.aibots.kz device_id=PGZXTNEIMN}
2025-08-03T18:03:16.212561Z DEBUG matrix_sdk::http_client::native: Sending request num_attempt=1 | crates/matrix-sdk/src/http_client/native.rs:78 | spans: root > recover > import_secrets{self=SecretStore { key: SecretStorageKey { storage_key_info: SecretStorageKeyEventContent { key_id: "SOLI8S87tfQr4Pbl8GMn4DVFeLHFoN7a", name: None, algorithm: V1AesHmacSha2(SecretStorageV1AesHmacSha2Properties { iv: Some("rNV49iQTT0wpQKtpj+SbUA"), mac: Some("Nqi65yXyTNe95yBmrgPxZSRML2sAvGMzFgVuTi9YpZs") }), passphrase: None }, .. }, .. } user_id=@testuser4:matrix.aibots.kz device_id=PGZXTNEIMN} > send{request_id="REQ-36" method=GET uri="https://matrix.aibots.kz/_matrix/client/v3/user/@testuser4:matrix.aibots.kz/account_data/m.cross_signing.master"}
2025-08-03T18:03:16.278397Z DEBUG matrix_sdk::http_client: Got response | crates/matrix-sdk/src/http_client/mod.rs:214 | spans: root > recover > import_secrets{self=SecretStore { key: SecretStorageKey { storage_key_info: SecretStorageKeyEventContent { key_id: "SOLI8S87tfQr4Pbl8GMn4DVFeLHFoN7a", name: None, algorithm: V1AesHmacSha2(SecretStorageV1AesHmacSha2Properties { iv: Some("rNV49iQTT0wpQKtpj+SbUA"), mac: Some("Nqi65yXyTNe95yBmrgPxZSRML2sAvGMzFgVuTi9YpZs") }), passphrase: None }, .. }, .. } user_id=@testuser4:matrix.aibots.kz device_id=PGZXTNEIMN} > send{request_id="REQ-36" method=GET uri="https://matrix.aibots.kz/_matrix/client/v3/user/@testuser4:matrix.aibots.kz/account_data/m.cross_signing.master" status=200 response_size="208B"}
2025-08-03T18:03:16.279414Z DEBUG matrix_sdk::http_client::native: Sending request num_attempt=1 | crates/matrix-sdk/src/http_client/native.rs:78 | spans: root > recover > import_secrets{self=SecretStore { key: SecretStorageKey { storage_key_info: SecretStorageKeyEventContent { key_id: "SOLI8S87tfQr4Pbl8GMn4DVFeLHFoN7a", name: None, algorithm: V1AesHmacSha2(SecretStorageV1AesHmacSha2Properties { iv: Some("rNV49iQTT0wpQKtpj+SbUA"), mac: Some("Nqi65yXyTNe95yBmrgPxZSRML2sAvGMzFgVuTi9YpZs") }), passphrase: None }, .. }, .. } user_id=@testuser4:matrix.aibots.kz device_id=PGZXTNEIMN} > send{request_id="REQ-37" method=GET uri="https://matrix.aibots.kz/_matrix/client/v3/user/@testuser4:matrix.aibots.kz/account_data/m.cross_signing.self_signing"}
2025-08-03T18:03:16.291249Z DEBUG matrix_sdk::http_client: Got response | crates/matrix-sdk/src/http_client/mod.rs:214 | spans: root > recover > import_secrets{self=SecretStore { key: SecretStorageKey { storage_key_info: SecretStorageKeyEventContent { key_id: "SOLI8S87tfQr4Pbl8GMn4DVFeLHFoN7a", name: None, algorithm: V1AesHmacSha2(SecretStorageV1AesHmacSha2Properties { iv: Some("rNV49iQTT0wpQKtpj+SbUA"), mac: Some("Nqi65yXyTNe95yBmrgPxZSRML2sAvGMzFgVuTi9YpZs") }), passphrase: None }, .. }, .. } user_id=@testuser4:matrix.aibots.kz device_id=PGZXTNEIMN} > send{request_id="REQ-37" method=GET uri="https://matrix.aibots.kz/_matrix/client/v3/user/@testuser4:matrix.aibots.kz/account_data/m.cross_signing.self_signing" status=200 response_size="208B"}
2025-08-03T18:03:16.291307Z DEBUG matrix_sdk::http_client::native: Sending request num_attempt=1 | crates/matrix-sdk/src/http_client/native.rs:78 | spans: root > recover > import_secrets{self=SecretStore { key: SecretStorageKey { storage_key_info: SecretStorageKeyEventContent { key_id: "SOLI8S87tfQr4Pbl8GMn4DVFeLHFoN7a", name: None, algorithm: V1AesHmacSha2(SecretStorageV1AesHmacSha2Properties { iv: Some("rNV49iQTT0wpQKtpj+SbUA"), mac: Some("Nqi65yXyTNe95yBmrgPxZSRML2sAvGMzFgVuTi9YpZs") }), passphrase: None }, .. }, .. } user_id=@testuser4:matrix.aibots.kz device_id=PGZXTNEIMN} > send{request_id="REQ-38" method=GET uri="https://matrix.aibots.kz/_matrix/client/v3/user/@testuser4:matrix.aibots.kz/account_data/m.cross_signing.user_signing"}
2025-08-03T18:03:16.305768Z DEBUG matrix_sdk::http_client: Got response | crates/matrix-sdk/src/http_client/mod.rs:214 | spans: root > recover > import_secrets{self=SecretStore { key: SecretStorageKey { storage_key_info: SecretStorageKeyEventContent { key_id: "SOLI8S87tfQr4Pbl8GMn4DVFeLHFoN7a", name: None, algorithm: V1AesHmacSha2(SecretStorageV1AesHmacSha2Properties { iv: Some("rNV49iQTT0wpQKtpj+SbUA"), mac: Some("Nqi65yXyTNe95yBmrgPxZSRML2sAvGMzFgVuTi9YpZs") }), passphrase: None }, .. }, .. } user_id=@testuser4:matrix.aibots.kz device_id=PGZXTNEIMN} > send{request_id="REQ-38" method=GET uri="https://matrix.aibots.kz/_matrix/client/v3/user/@testuser4:matrix.aibots.kz/account_data/m.cross_signing.user_signing" status=200 response_size="208B"}
2025-08-03T18:03:16.305801Z  INFO matrix_sdk::encryption::secret_storage::secret_store: Received the cross signing keys from the server cross_signing_keys=CrossSigningKeyExport { master_key: true, self_signing_key: true, user_signing_key: true, .. } | crates/matrix-sdk/src/encryption/secret_storage/secret_store.rs:378 | spans: root > recover > import_secrets{self=SecretStore { key: SecretStorageKey { storage_key_info: SecretStorageKeyEventContent { key_id: "SOLI8S87tfQr4Pbl8GMn4DVFeLHFoN7a", name: None, algorithm: V1AesHmacSha2(SecretStorageV1AesHmacSha2Properties { iv: Some("rNV49iQTT0wpQKtpj+SbUA"), mac: Some("Nqi65yXyTNe95yBmrgPxZSRML2sAvGMzFgVuTi9YpZs") }), passphrase: None }, .. }, .. } user_id=@testuser4:matrix.aibots.kz device_id=PGZXTNEIMN}
2025-08-03T18:03:16.305920Z DEBUG matrix_sdk::http_client::native: Sending request num_attempt=1 | crates/matrix-sdk/src/http_client/native.rs:78 | spans: root > recover > import_secrets{self=SecretStore { key: SecretStorageKey { storage_key_info: SecretStorageKeyEventContent { key_id: "SOLI8S87tfQr4Pbl8GMn4DVFeLHFoN7a", name: None, algorithm: V1AesHmacSha2(SecretStorageV1AesHmacSha2Properties { iv: Some("rNV49iQTT0wpQKtpj+SbUA"), mac: Some("Nqi65yXyTNe95yBmrgPxZSRML2sAvGMzFgVuTi9YpZs") }), passphrase: None }, .. }, .. } user_id=@testuser4:matrix.aibots.kz device_id=PGZXTNEIMN} > keys_query{request_id="9e873f8bea5947f39c181596776bb495"} > send{request_id="REQ-39" method=POST uri="https://matrix.aibots.kz/_matrix/client/v3/keys/query" request_size="50B"}
2025-08-03T18:03:16.320685Z  INFO elementx: [BuildConfiguration] 📱 Alert App ID configured as: io.sergeyshmagin.kdbchat.debug | BuildConfiguration.swift:35 | spans: root
2025-08-03T18:03:16.320850Z  INFO elementx: [NotificationManager] 🚀 ===== PUSHER REGISTRATION DEBUG ===== | NotificationManager.swift:308 | spans: root
2025-08-03T18:03:16.320868Z  INFO elementx: [NotificationManager] 📦 Bundle ID: io.sergeyshmagin.kdbchat | NotificationManager.swift:309 | spans: root
2025-08-03T18:03:16.320882Z  INFO elementx: [NotificationManager] 🏗️ Build Type: RELEASE | NotificationManager.swift:310 | spans: root
2025-08-03T18:03:16.320896Z  INFO elementx: [NotificationManager] 📱 Pusher App ID: io.sergeyshmagin.kdbchat.debug | NotificationManager.swift:311 | spans: root
2025-08-03T18:03:16.320907Z  INFO elementx: [NotificationManager] 🌐 Push Gateway: https://push.aibots.kz/_matrix/push/v1/notify | NotificationManager.swift:312 | spans: root
2025-08-03T18:03:16.320918Z  INFO elementx: [NotificationManager] 🔑 Device Token (HEX): 7b04763caa3fab8fc0818abeb846eb945e5d644b2c5bfeec30258d61c280960f | NotificationManager.swift:313 | spans: root
2025-08-03T18:03:16.320932Z  INFO elementx: [NotificationManager] 🔑 Device Token (Base64): ewR2PKo/q4/AgYq+uEbrlF5dZEssW/7sMCWNYcKAlg8= | NotificationManager.swift:314 | spans: root
2025-08-03T18:03:16.320943Z  INFO elementx: [NotificationManager] 🔑 Token Length (HEX): 64 chars | NotificationManager.swift:315 | spans: root
2025-08-03T18:03:16.320958Z  INFO elementx: [NotificationManager] 🔑 Token Length (Base64): 44 chars | NotificationManager.swift:316 | spans: root
2025-08-03T18:03:16.320990Z  INFO elementx: [NotificationManager] 📋 App Display Name: kdbchat | NotificationManager.swift:317 | spans: root
2025-08-03T18:03:16.322655Z  INFO elementx: [NotificationManager] 📱 Device Name: iPhone | NotificationManager.swift:318 | spans: root
2025-08-03T18:03:16.322680Z  INFO elementx: [NotificationManager] 🔧 Client Identifier: Optional("7f649250a4f90b0bee16984fdefc4c34d480d85f89a360a3a24897d0c55f8ebe") | NotificationManager.swift:319 | spans: root
2025-08-03T18:03:16.324771Z  INFO elementx: [NotificationManager] 🎯 Profile Tag: 7ieijgFb84z8r67N | NotificationManager.swift:320 | spans: root
2025-08-03T18:03:16.324826Z  INFO elementx: [NotificationManager] 🌍 Language: ru | NotificationManager.swift:321 | spans: root
2025-08-03T18:03:16.324837Z  INFO elementx: [NotificationManager] ============================================ | NotificationManager.swift:322 | spans: root
2025-08-03T18:03:16.333094Z DEBUG matrix_sdk::http_client: Got response | crates/matrix-sdk/src/http_client/mod.rs:214 | spans: root > recover > import_secrets{self=SecretStore { key: SecretStorageKey { storage_key_info: SecretStorageKeyEventContent { key_id: "SOLI8S87tfQr4Pbl8GMn4DVFeLHFoN7a", name: None, algorithm: V1AesHmacSha2(SecretStorageV1AesHmacSha2Properties { iv: Some("rNV49iQTT0wpQKtpj+SbUA"), mac: Some("Nqi65yXyTNe95yBmrgPxZSRML2sAvGMzFgVuTi9YpZs") }), passphrase: None }, .. }, .. } user_id=@testuser4:matrix.aibots.kz device_id=PGZXTNEIMN} > keys_query{request_id="9e873f8bea5947f39c181596776bb495"} > send{request_id="REQ-39" method=POST uri="https://matrix.aibots.kz/_matrix/client/v3/keys/query" request_size="50B" status=200 response_size="1.9k"}
2025-08-03T18:03:16.333192Z DEBUG matrix_sdk_crypto::identities::manager: Handling a `/keys/query` response request_id="9e873f8bea5947f39c181596776bb495" users={"@testuser4:matrix.aibots.kz"} failures={} | crates/matrix-sdk-crypto/src/identities/manager.rs:135 | spans: root > recover > import_secrets{self=SecretStore { key: SecretStorageKey { storage_key_info: SecretStorageKeyEventContent { key_id: "SOLI8S87tfQr4Pbl8GMn4DVFeLHFoN7a", name: None, algorithm: V1AesHmacSha2(SecretStorageV1AesHmacSha2Properties { iv: Some("rNV49iQTT0wpQKtpj+SbUA"), mac: Some("Nqi65yXyTNe95yBmrgPxZSRML2sAvGMzFgVuTi9YpZs") }), passphrase: None }, .. }, .. } user_id=@testuser4:matrix.aibots.kz device_id=PGZXTNEIMN} > keys_query{request_id="9e873f8bea5947f39c181596776bb495"}
2025-08-03T18:03:16.334054Z DEBUG matrix_sdk_crypto::identities::manager: Finished handling of the `/keys/query` response request_id="9e873f8bea5947f39c181596776bb495" new_devices={} changed_devices={} deleted_devices={} new_identities={} changed_identities={} | crates/matrix-sdk-crypto/src/identities/manager.rs:1205 | spans: root > recover > import_secrets{self=SecretStore { key: SecretStorageKey { storage_key_info: SecretStorageKeyEventContent { key_id: "SOLI8S87tfQr4Pbl8GMn4DVFeLHFoN7a", name: None, algorithm: V1AesHmacSha2(SecretStorageV1AesHmacSha2Properties { iv: Some("rNV49iQTT0wpQKtpj+SbUA"), mac: Some("Nqi65yXyTNe95yBmrgPxZSRML2sAvGMzFgVuTi9YpZs") }), passphrase: None }, .. }, .. } user_id=@testuser4:matrix.aibots.kz device_id=PGZXTNEIMN} > keys_query{request_id="9e873f8bea5947f39c181596776bb495"}
2025-08-03T18:03:16.334081Z DEBUG matrix_sdk::http_client::native: Sending request num_attempt=1 | crates/matrix-sdk/src/http_client/native.rs:78 | spans: root > send{request_id="REQ-40" method=POST uri="https://matrix.aibots.kz/_matrix/client/v3/pushers/set" request_size="556B"}
2025-08-03T18:03:16.334092Z DEBUG matrix_sdk::http_client::native: Sending request num_attempt=1 | crates/matrix-sdk/src/http_client/native.rs:78 | spans: root > recover > import_secrets{self=SecretStore { key: SecretStorageKey { storage_key_info: SecretStorageKeyEventContent { key_id: "SOLI8S87tfQr4Pbl8GMn4DVFeLHFoN7a", name: None, algorithm: V1AesHmacSha2(SecretStorageV1AesHmacSha2Properties { iv: Some("rNV49iQTT0wpQKtpj+SbUA"), mac: Some("Nqi65yXyTNe95yBmrgPxZSRML2sAvGMzFgVuTi9YpZs") }), passphrase: None }, .. }, .. } user_id=@testuser4:matrix.aibots.kz device_id=PGZXTNEIMN} > keys_query{request_id="9e873f8bea5947f39c181596776bb495"} > update_state_after_keys_query > send{request_id="REQ-41" method=GET uri="https://matrix.aibots.kz/_matrix/client/v3/user/@testuser4:matrix.aibots.kz/account_data/m.secret_storage.default_key"}
2025-08-03T18:03:16.348177Z DEBUG matrix_sdk::http_client: Got response | crates/matrix-sdk/src/http_client/mod.rs:214 | spans: root > recover > import_secrets{self=SecretStore { key: SecretStorageKey { storage_key_info: SecretStorageKeyEventContent { key_id: "SOLI8S87tfQr4Pbl8GMn4DVFeLHFoN7a", name: None, algorithm: V1AesHmacSha2(SecretStorageV1AesHmacSha2Properties { iv: Some("rNV49iQTT0wpQKtpj+SbUA"), mac: Some("Nqi65yXyTNe95yBmrgPxZSRML2sAvGMzFgVuTi9YpZs") }), passphrase: None }, .. }, .. } user_id=@testuser4:matrix.aibots.kz device_id=PGZXTNEIMN} > keys_query{request_id="9e873f8bea5947f39c181596776bb495"} > update_state_after_keys_query > send{request_id="REQ-41" method=GET uri="https://matrix.aibots.kz/_matrix/client/v3/user/@testuser4:matrix.aibots.kz/account_data/m.secret_storage.default_key" status=200 response_size="42B"}
2025-08-03T18:03:16.348274Z  INFO elementx: Backup state changed - Recovery: incomplete, KeyBackup: enabled | AutoRecoveryKeyService.swift:1326 | spans: root
2025-08-03T18:03:16.348300Z  INFO elementx: Session security state changed, verificationState: unverified, recoveryState: incomplete | UserSession.swift:47 | spans: root
2025-08-03T18:03:16.348359Z  INFO elementx: Recovery state changed to: incomplete, setting local state to incomplete | SecureBackupController.swift:79 | spans: root
2025-08-03T18:03:16.348417Z  INFO elementx: Onboarding already attempted, skipping | UserSessionFlowCoordinator.swift:327 | spans: root
2025-08-03T18:03:16.348562Z  INFO elementx: Session security state changed, verificationState: unverified, recoveryState: incomplete | UserSession.swift:47 | spans: root
2025-08-03T18:03:16.348705Z  INFO matrix_sdk_crypto::store: Successfully imported the private cross-signing keys status=CrossSigningStatus { has_master: true, has_self_signing: true, has_user_signing: true } | crates/matrix-sdk-crypto/src/store/mod.rs:922 | spans: root > recover > import_secrets{self=SecretStore { key: SecretStorageKey { storage_key_info: SecretStorageKeyEventContent { key_id: "SOLI8S87tfQr4Pbl8GMn4DVFeLHFoN7a", name: None, algorithm: V1AesHmacSha2(SecretStorageV1AesHmacSha2Properties { iv: Some("rNV49iQTT0wpQKtpj+SbUA"), mac: Some("Nqi65yXyTNe95yBmrgPxZSRML2sAvGMzFgVuTi9YpZs") }), passphrase: None }, .. }, .. } user_id=@testuser4:matrix.aibots.kz device_id=PGZXTNEIMN}
2025-08-03T18:03:16.349099Z DEBUG matrix_sdk_crypto::store::crypto_store_wrapper: Stored our own identity master_key=Some("ed25519:8GG8KTGQVD2s7mC7O37eq1glQcSotN+euxl5RHPBDTQ") user_signing_key=Some("ed25519:Wg1vJ7Sa+AQUdZRzYaPdJO1NmcgaSUbz5w1L+n224Gs") self_signing_key=Some("ed25519:lpuFlkKJ/coy6/iQQj/eSbNytUwXYmzx4EGINW2PRm0") previously_verified=true verified=true | crates/matrix-sdk-crypto/src/store/crypto_store_wrapper.rs:149 | spans: root > recover > import_secrets{self=SecretStore { key: SecretStorageKey { storage_key_info: SecretStorageKeyEventContent { key_id: "SOLI8S87tfQr4Pbl8GMn4DVFeLHFoN7a", name: None, algorithm: V1AesHmacSha2(SecretStorageV1AesHmacSha2Properties { iv: Some("rNV49iQTT0wpQKtpj+SbUA"), mac: Some("Nqi65yXyTNe95yBmrgPxZSRML2sAvGMzFgVuTi9YpZs") }), passphrase: None }, .. }, .. } user_id=@testuser4:matrix.aibots.kz device_id=PGZXTNEIMN}
2025-08-03T18:03:16.349173Z DEBUG matrix_sdk_crypto::store::crypto_store_wrapper: Own identity is now verified, check all known identities for verification status changes | crates/matrix-sdk-crypto/src/store/crypto_store_wrapper.rs:193 | spans: root > recover > import_secrets{self=SecretStore { key: SecretStorageKey { storage_key_info: SecretStorageKeyEventContent { key_id: "SOLI8S87tfQr4Pbl8GMn4DVFeLHFoN7a", name: None, algorithm: V1AesHmacSha2(SecretStorageV1AesHmacSha2Properties { iv: Some("rNV49iQTT0wpQKtpj+SbUA"), mac: Some("Nqi65yXyTNe95yBmrgPxZSRML2sAvGMzFgVuTi9YpZs") }), passphrase: None }, .. }, .. } user_id=@testuser4:matrix.aibots.kz device_id=PGZXTNEIMN}
2025-08-03T18:03:16.349292Z  INFO matrix_sdk::encryption::secret_storage::secret_store: Done importing the cross signing keys | crates/matrix-sdk/src/encryption/secret_storage/secret_store.rs:394 | spans: root > recover > import_secrets{self=SecretStore { key: SecretStorageKey { storage_key_info: SecretStorageKeyEventContent { key_id: "SOLI8S87tfQr4Pbl8GMn4DVFeLHFoN7a", name: None, algorithm: V1AesHmacSha2(SecretStorageV1AesHmacSha2Properties { iv: Some("rNV49iQTT0wpQKtpj+SbUA"), mac: Some("Nqi65yXyTNe95yBmrgPxZSRML2sAvGMzFgVuTi9YpZs") }), passphrase: None }, .. }, .. } user_id=@testuser4:matrix.aibots.kz device_id=PGZXTNEIMN cross_signing_status=CrossSigningStatus { has_master: true, has_self_signing: true, has_user_signing: true }}
2025-08-03T18:03:16.349300Z  INFO matrix_sdk::encryption::secret_storage::secret_store: Successfully imported the self-signing key, attempting to sign our own device | crates/matrix-sdk/src/encryption/secret_storage/secret_store.rs:397 | spans: root > recover > import_secrets{self=SecretStore { key: SecretStorageKey { storage_key_info: SecretStorageKeyEventContent { key_id: "SOLI8S87tfQr4Pbl8GMn4DVFeLHFoN7a", name: None, algorithm: V1AesHmacSha2(SecretStorageV1AesHmacSha2Properties { iv: Some("rNV49iQTT0wpQKtpj+SbUA"), mac: Some("Nqi65yXyTNe95yBmrgPxZSRML2sAvGMzFgVuTi9YpZs") }), passphrase: None }, .. }, .. } user_id=@testuser4:matrix.aibots.kz device_id=PGZXTNEIMN cross_signing_status=CrossSigningStatus { has_master: true, has_self_signing: true, has_user_signing: true }}
2025-08-03T18:03:16.349776Z DEBUG matrix_sdk::http_client::native: Sending request num_attempt=1 | crates/matrix-sdk/src/http_client/native.rs:78 | spans: root > recover > import_secrets{self=SecretStore { key: SecretStorageKey { storage_key_info: SecretStorageKeyEventContent { key_id: "SOLI8S87tfQr4Pbl8GMn4DVFeLHFoN7a", name: None, algorithm: V1AesHmacSha2(SecretStorageV1AesHmacSha2Properties { iv: Some("rNV49iQTT0wpQKtpj+SbUA"), mac: Some("Nqi65yXyTNe95yBmrgPxZSRML2sAvGMzFgVuTi9YpZs") }), passphrase: None }, .. }, .. } user_id=@testuser4:matrix.aibots.kz device_id=PGZXTNEIMN cross_signing_status=CrossSigningStatus { has_master: true, has_self_signing: true, has_user_signing: true }} > send{request_id="REQ-42" method=POST uri="https://matrix.aibots.kz/_matrix/client/v3/keys/signatures/upload" request_size="567B"}
2025-08-03T18:03:16.352014Z  INFO elementx: Onboarding already attempted, skipping | UserSessionFlowCoordinator.swift:327 | spans: root
2025-08-03T18:03:16.385083Z DEBUG matrix_sdk::http_client: Got response | crates/matrix-sdk/src/http_client/mod.rs:214 | spans: root > send{request_id="REQ-40" method=POST uri="https://matrix.aibots.kz/_matrix/client/v3/pushers/set" request_size="556B" status=200 response_size="2B"}
2025-08-03T18:03:16.385145Z  INFO elementx: [NotificationManager] ✅ ===== PUSHER REGISTRATION SUCCESS ===== | NotificationManager.swift:341 | spans: root
2025-08-03T18:03:16.385160Z  INFO elementx: [NotificationManager] ✅ Successfully registered pusher with: | NotificationManager.swift:342 | spans: root
2025-08-03T18:03:16.385172Z  INFO elementx: [NotificationManager] ✅ App ID: io.sergeyshmagin.kdbchat.debug | NotificationManager.swift:343 | spans: root
2025-08-03T18:03:16.385198Z  INFO elementx: [NotificationManager] ✅ Bundle ID: io.sergeyshmagin.kdbchat | NotificationManager.swift:344 | spans: root
2025-08-03T18:03:16.385213Z  INFO elementx: [NotificationManager] ✅ Token (HEX): 7b04763caa3fab8f... | NotificationManager.swift:345 | spans: root
2025-08-03T18:03:16.385231Z  INFO elementx: [NotificationManager] ✅ Token (Base64): ewR2PKo/q4/AgYq+... | NotificationManager.swift:346 | spans: root
2025-08-03T18:03:16.385243Z  INFO elementx: [NotificationManager] ✅ Gateway: https://push.aibots.kz/_matrix/push/v1/notify | NotificationManager.swift:347 | spans: root
2025-08-03T18:03:16.385255Z  INFO elementx: [NotificationManager] ================================================ | NotificationManager.swift:348 | spans: root
2025-08-03T18:03:16.385269Z  INFO elementx: [BuildConfiguration] 📱 Alert App ID configured as: io.sergeyshmagin.kdbchat.debug | BuildConfiguration.swift:35 | spans: root
2025-08-03T18:03:16.385398Z  INFO elementx: [NotificationManager] 🚀 ===== VoIP PUSHER REGISTRATION (Regular Token) ===== | NotificationManager.swift:179 | spans: root
2025-08-03T18:03:16.385411Z  INFO elementx: [NotificationManager] 📦 Bundle ID: io.sergeyshmagin.kdbchat | NotificationManager.swift:180 | spans: root
2025-08-03T18:03:16.385421Z  INFO elementx: [NotificationManager] 🏗️ Build Type: RELEASE | NotificationManager.swift:181 | spans: root
2025-08-03T18:03:16.385432Z  INFO elementx: [NotificationManager] 📱 VoIP App ID: io.sergeyshmagin.kdbchat.debug.voip | NotificationManager.swift:182 | spans: root
2025-08-03T18:03:16.385443Z  INFO elementx: [NotificationManager] 🌐 Push Gateway: https://push.aibots.kz/_matrix/push/v1/notify | NotificationManager.swift:183 | spans: root
2025-08-03T18:03:16.385455Z  INFO elementx: [NotificationManager] 🔑 Device Token (HEX): 7b04763caa3fab8fc0818abeb846eb945e5d644b2c5bfeec30258d61c280960f | NotificationManager.swift:184 | spans: root
2025-08-03T18:03:16.385469Z  INFO elementx: [NotificationManager] 🔑 Device Token (Base64): ewR2PKo/q4/AgYq+uEbrlF5dZEssW/7sMCWNYcKAlg8= | NotificationManager.swift:185 | spans: root
2025-08-03T18:03:16.385482Z  INFO elementx: [NotificationManager] 🔑 Token Length (HEX): 64 chars | NotificationManager.swift:186 | spans: root
2025-08-03T18:03:16.385496Z  INFO elementx: [NotificationManager] 🔑 Token Length (Base64): 44 chars | NotificationManager.swift:187 | spans: root
2025-08-03T18:03:16.385510Z  INFO elementx: [NotificationManager] 📋 App Display Name: kdbchat | NotificationManager.swift:188 | spans: root
2025-08-03T18:03:16.385602Z  INFO elementx: [NotificationManager] 📱 Device Name: iPhone | NotificationManager.swift:189 | spans: root
2025-08-03T18:03:16.385626Z  INFO elementx: [NotificationManager] 🔧 Client Identifier: Optional("7f649250a4f90b0bee16984fdefc4c34d480d85f89a360a3a24897d0c55f8ebe") | NotificationManager.swift:190 | spans: root
2025-08-03T18:03:16.385657Z  INFO elementx: [NotificationManager] 🎯 VoIP Profile Tag: voip_7ieijgFb84z8r67N | NotificationManager.swift:191 | spans: root
2025-08-03T18:03:16.385693Z  INFO elementx: [NotificationManager] 🌍 Language: ru | NotificationManager.swift:192 | spans: root
2025-08-03T18:03:16.385705Z  INFO elementx: [NotificationManager] ============================================ | NotificationManager.swift:193 | spans: root
2025-08-03T18:03:16.385900Z DEBUG matrix_sdk::http_client::native: Sending request num_attempt=1 | crates/matrix-sdk/src/http_client/native.rs:78 | spans: root > send{request_id="REQ-43" method=POST uri="https://matrix.aibots.kz/_matrix/client/v3/pushers/set" request_size="549B"}
2025-08-03T18:03:16.393324Z DEBUG matrix_sdk::http_client: Got response | crates/matrix-sdk/src/http_client/mod.rs:214 | spans: root > recover > import_secrets{self=SecretStore { key: SecretStorageKey { storage_key_info: SecretStorageKeyEventContent { key_id: "SOLI8S87tfQr4Pbl8GMn4DVFeLHFoN7a", name: None, algorithm: V1AesHmacSha2(SecretStorageV1AesHmacSha2Properties { iv: Some("rNV49iQTT0wpQKtpj+SbUA"), mac: Some("Nqi65yXyTNe95yBmrgPxZSRML2sAvGMzFgVuTi9YpZs") }), passphrase: None }, .. }, .. } user_id=@testuser4:matrix.aibots.kz device_id=PGZXTNEIMN cross_signing_status=CrossSigningStatus { has_master: true, has_self_signing: true, has_user_signing: true }} > send{request_id="REQ-42" method=POST uri="https://matrix.aibots.kz/_matrix/client/v3/keys/signatures/upload" request_size="567B" status=200 response_size="15B"}
2025-08-03T18:03:16.393654Z DEBUG matrix_sdk::http_client::native: Sending request num_attempt=1 | crates/matrix-sdk/src/http_client/native.rs:78 | spans: root > recover > import_secrets{self=SecretStore { key: SecretStorageKey { storage_key_info: SecretStorageKeyEventContent { key_id: "SOLI8S87tfQr4Pbl8GMn4DVFeLHFoN7a", name: None, algorithm: V1AesHmacSha2(SecretStorageV1AesHmacSha2Properties { iv: Some("rNV49iQTT0wpQKtpj+SbUA"), mac: Some("Nqi65yXyTNe95yBmrgPxZSRML2sAvGMzFgVuTi9YpZs") }), passphrase: None }, .. }, .. } user_id=@testuser4:matrix.aibots.kz device_id=PGZXTNEIMN cross_signing_status=CrossSigningStatus { has_master: true, has_self_signing: true, has_user_signing: true }} > keys_query{request_id="114478d3044645bab3986b40c87f16cc"} > send{request_id="REQ-44" method=POST uri="https://matrix.aibots.kz/_matrix/client/v3/keys/query" request_size="50B"}
2025-08-03T18:03:16.401674Z DEBUG matrix_sdk::http_client: Got response | crates/matrix-sdk/src/http_client/mod.rs:214 | spans: root > next_sync_with_lock{store_generation=0} > sync_once{conn_id="encryption" pos="0/s611_17295_0_366_597_6_11_883_0_1"} > send{request_id="REQ-33" method=POST uri="https://matrix.aibots.kz/_matrix/client/unstable/org.matrix.simplified_msc3575/sync" request_size="149B" status=200 response_size="305B"}
2025-08-03T18:03:16.403913Z DEBUG matrix_sdk::http_client::native: Sending request num_attempt=1 | crates/matrix-sdk/src/http_client/native.rs:78 | spans: root > next_sync_with_lock{store_generation=0} > sync_once{conn_id="encryption" pos="0/s611_17295_0_366_597_6_11_884_0_1"} > send{request_id="REQ-45" method=POST uri="https://matrix.aibots.kz/_matrix/client/unstable/org.matrix.simplified_msc3575/sync" request_size="149B"}
2025-08-03T18:03:16.403949Z DEBUG matrix_sdk_crypto::session_manager::sessions: Collected user/device pairs that are missing an Olm session missing_session_devices_by_user={} timed_out_devices_by_user={} | crates/matrix-sdk-crypto/src/session_manager/sessions.rs:287 | spans: root > next_sync_with_lock{store_generation=0} > sync_once{conn_id="encryption" pos="0/s611_17295_0_366_597_6_11_884_0_1"} > send_outgoing_requests > get_missing_sessions
2025-08-03T18:03:16.403967Z DEBUG matrix_sdk_crypto::identities::manager: Created a /keys/query request request_id="c38ab097086241c9b5692da21269000e" users=["@testuser4:matrix.aibots.kz"] | crates/matrix-sdk-crypto/src/identities/manager.rs:877 | spans: root > next_sync_with_lock{store_generation=0} > sync_once{conn_id="encryption" pos="0/s611_17295_0_366_597_6_11_884_0_1"} > send_outgoing_requests
2025-08-03T18:03:16.404021Z DEBUG matrix_sdk::http_client::native: Sending request num_attempt=1 | crates/matrix-sdk/src/http_client/native.rs:78 | spans: root > next_sync_with_lock{store_generation=0} > sync_once{conn_id="encryption" pos="0/s611_17295_0_366_597_6_11_884_0_1"} > send_outgoing_requests > keys_query{request_id="c38ab097086241c9b5692da21269000e"} > send{request_id="REQ-46" method=POST uri="https://matrix.aibots.kz/_matrix/client/v3/keys/query" request_size="50B"}
2025-08-03T18:03:16.424425Z DEBUG matrix_sdk::http_client: Got response | crates/matrix-sdk/src/http_client/mod.rs:214 | spans: root > recover > import_secrets{self=SecretStore { key: SecretStorageKey { storage_key_info: SecretStorageKeyEventContent { key_id: "SOLI8S87tfQr4Pbl8GMn4DVFeLHFoN7a", name: None, algorithm: V1AesHmacSha2(SecretStorageV1AesHmacSha2Properties { iv: Some("rNV49iQTT0wpQKtpj+SbUA"), mac: Some("Nqi65yXyTNe95yBmrgPxZSRML2sAvGMzFgVuTi9YpZs") }), passphrase: None }, .. }, .. } user_id=@testuser4:matrix.aibots.kz device_id=PGZXTNEIMN cross_signing_status=CrossSigningStatus { has_master: true, has_self_signing: true, has_user_signing: true }} > keys_query{request_id="114478d3044645bab3986b40c87f16cc"} > send{request_id="REQ-44" method=POST uri="https://matrix.aibots.kz/_matrix/client/v3/keys/query" request_size="50B" status=200 response_size="2.1k"}
2025-08-03T18:03:16.424440Z DEBUG matrix_sdk_crypto::identities::manager: Handling a `/keys/query` response request_id="114478d3044645bab3986b40c87f16cc" users={"@testuser4:matrix.aibots.kz"} failures={} | crates/matrix-sdk-crypto/src/identities/manager.rs:135 | spans: root > recover > import_secrets{self=SecretStore { key: SecretStorageKey { storage_key_info: SecretStorageKeyEventContent { key_id: "SOLI8S87tfQr4Pbl8GMn4DVFeLHFoN7a", name: None, algorithm: V1AesHmacSha2(SecretStorageV1AesHmacSha2Properties { iv: Some("rNV49iQTT0wpQKtpj+SbUA"), mac: Some("Nqi65yXyTNe95yBmrgPxZSRML2sAvGMzFgVuTi9YpZs") }), passphrase: None }, .. }, .. } user_id=@testuser4:matrix.aibots.kz device_id=PGZXTNEIMN cross_signing_status=CrossSigningStatus { has_master: true, has_self_signing: true, has_user_signing: true }} > keys_query{request_id="114478d3044645bab3986b40c87f16cc"}
2025-08-03T18:03:16.425681Z DEBUG matrix_sdk_crypto::identities::manager: Finished handling of the `/keys/query` response request_id="114478d3044645bab3986b40c87f16cc" new_devices={} changed_devices={"@testuser4:matrix.aibots.kz": {"PGZXTNEIMN"}} deleted_devices={} new_identities={} changed_identities={} | crates/matrix-sdk-crypto/src/identities/manager.rs:1205 | spans: root > recover > import_secrets{self=SecretStore { key: SecretStorageKey { storage_key_info: SecretStorageKeyEventContent { key_id: "SOLI8S87tfQr4Pbl8GMn4DVFeLHFoN7a", name: None, algorithm: V1AesHmacSha2(SecretStorageV1AesHmacSha2Properties { iv: Some("rNV49iQTT0wpQKtpj+SbUA"), mac: Some("Nqi65yXyTNe95yBmrgPxZSRML2sAvGMzFgVuTi9YpZs") }), passphrase: None }, .. }, .. } user_id=@testuser4:matrix.aibots.kz device_id=PGZXTNEIMN cross_signing_status=CrossSigningStatus { has_master: true, has_self_signing: true, has_user_signing: true }} > keys_query{request_id="114478d3044645bab3986b40c87f16cc"}
2025-08-03T18:03:16.425708Z DEBUG matrix_sdk::http_client::native: Sending request num_attempt=1 | crates/matrix-sdk/src/http_client/native.rs:78 | spans: root > recover > import_secrets{self=SecretStore { key: SecretStorageKey { storage_key_info: SecretStorageKeyEventContent { key_id: "SOLI8S87tfQr4Pbl8GMn4DVFeLHFoN7a", name: None, algorithm: V1AesHmacSha2(SecretStorageV1AesHmacSha2Properties { iv: Some("rNV49iQTT0wpQKtpj+SbUA"), mac: Some("Nqi65yXyTNe95yBmrgPxZSRML2sAvGMzFgVuTi9YpZs") }), passphrase: None }, .. }, .. } user_id=@testuser4:matrix.aibots.kz device_id=PGZXTNEIMN cross_signing_status=CrossSigningStatus { has_master: true, has_self_signing: true, has_user_signing: true }} > keys_query{request_id="114478d3044645bab3986b40c87f16cc"} > update_state_after_keys_query > send{request_id="REQ-47" method=GET uri="https://matrix.aibots.kz/_matrix/client/v3/user/@testuser4:matrix.aibots.kz/account_data/m.secret_storage.default_key"}
2025-08-03T18:03:16.433010Z DEBUG matrix_sdk::http_client: Got response | crates/matrix-sdk/src/http_client/mod.rs:214 | spans: root > next_sync_with_lock{store_generation=0} > sync_once{conn_id="encryption" pos="0/s611_17295_0_366_597_6_11_884_0_1"} > send_outgoing_requests > keys_query{request_id="c38ab097086241c9b5692da21269000e"} > send{request_id="REQ-46" method=POST uri="https://matrix.aibots.kz/_matrix/client/v3/keys/query" request_size="50B" status=200 response_size="2.1k"}
2025-08-03T18:03:16.433020Z DEBUG matrix_sdk_crypto::identities::manager: Handling a `/keys/query` response request_id="c38ab097086241c9b5692da21269000e" users={"@testuser4:matrix.aibots.kz"} failures={} | crates/matrix-sdk-crypto/src/identities/manager.rs:135 | spans: root > next_sync_with_lock{store_generation=0} > sync_once{conn_id="encryption" pos="0/s611_17295_0_366_597_6_11_884_0_1"} > send_outgoing_requests > keys_query{request_id="c38ab097086241c9b5692da21269000e"}
2025-08-03T18:03:16.433528Z DEBUG matrix_sdk::http_client: Got response | crates/matrix-sdk/src/http_client/mod.rs:214 | spans: root > send{request_id="REQ-43" method=POST uri="https://matrix.aibots.kz/_matrix/client/v3/pushers/set" request_size="549B" status=200 response_size="2B"}
2025-08-03T18:03:16.433561Z  INFO elementx: [NotificationManager] ✅ ===== VoIP PUSHER REGISTRATION SUCCESS ===== | NotificationManager.swift:212 | spans: root
2025-08-03T18:03:16.433575Z  INFO elementx: [NotificationManager] ✅ Successfully registered VoIP pusher with: | NotificationManager.swift:213 | spans: root
2025-08-03T18:03:16.433587Z  INFO elementx: [NotificationManager] ✅ VoIP App ID: io.sergeyshmagin.kdbchat.debug.voip | NotificationManager.swift:214 | spans: root
2025-08-03T18:03:16.433601Z  INFO elementx: [NotificationManager] ✅ Bundle ID: io.sergeyshmagin.kdbchat | NotificationManager.swift:215 | spans: root
2025-08-03T18:03:16.433616Z  INFO elementx: [NotificationManager] ✅ Token (HEX): 7b04763caa3fab8f... | NotificationManager.swift:216 | spans: root
2025-08-03T18:03:16.433627Z  INFO elementx: [NotificationManager] ✅ Gateway: https://push.aibots.kz/_matrix/push/v1/notify | NotificationManager.swift:217 | spans: root
2025-08-03T18:03:16.433640Z  INFO elementx: [NotificationManager] ================================================ | NotificationManager.swift:218 | spans: root
2025-08-03T18:03:16.433660Z DEBUG matrix_sdk_crypto::identities::manager: Finished handling of the `/keys/query` response request_id="c38ab097086241c9b5692da21269000e" new_devices={} changed_devices={} deleted_devices={} new_identities={} changed_identities={} | crates/matrix-sdk-crypto/src/identities/manager.rs:1205 | spans: root > next_sync_with_lock{store_generation=0} > sync_once{conn_id="encryption" pos="0/s611_17295_0_366_597_6_11_884_0_1"} > send_outgoing_requests > keys_query{request_id="c38ab097086241c9b5692da21269000e"}
2025-08-03T18:03:16.433692Z DEBUG matrix_sdk::http_client::native: Sending request num_attempt=1 | crates/matrix-sdk/src/http_client/native.rs:78 | spans: root > next_sync_with_lock{store_generation=0} > sync_once{conn_id="encryption" pos="0/s611_17295_0_366_597_6_11_884_0_1"} > send_outgoing_requests > keys_query{request_id="c38ab097086241c9b5692da21269000e"} > update_state_after_keys_query > send{request_id="REQ-48" method=GET uri="https://matrix.aibots.kz/_matrix/client/v3/user/@testuser4:matrix.aibots.kz/account_data/m.secret_storage.default_key"}
2025-08-03T18:03:16.438065Z DEBUG matrix_sdk::http_client: Got response | crates/matrix-sdk/src/http_client/mod.rs:214 | spans: root > recover > import_secrets{self=SecretStore { key: SecretStorageKey { storage_key_info: SecretStorageKeyEventContent { key_id: "SOLI8S87tfQr4Pbl8GMn4DVFeLHFoN7a", name: None, algorithm: V1AesHmacSha2(SecretStorageV1AesHmacSha2Properties { iv: Some("rNV49iQTT0wpQKtpj+SbUA"), mac: Some("Nqi65yXyTNe95yBmrgPxZSRML2sAvGMzFgVuTi9YpZs") }), passphrase: None }, .. }, .. } user_id=@testuser4:matrix.aibots.kz device_id=PGZXTNEIMN cross_signing_status=CrossSigningStatus { has_master: true, has_self_signing: true, has_user_signing: true }} > keys_query{request_id="114478d3044645bab3986b40c87f16cc"} > update_state_after_keys_query > send{request_id="REQ-47" method=GET uri="https://matrix.aibots.kz/_matrix/client/v3/user/@testuser4:matrix.aibots.kz/account_data/m.secret_storage.default_key" status=200 response_size="42B"}
2025-08-03T18:03:16.438082Z  INFO matrix_sdk::encryption::recovery: Recovery state changed from Incomplete to Enabled | crates/matrix-sdk/src/encryption/recovery/mod.rs:629 | spans: root > recover > import_secrets{self=SecretStore { key: SecretStorageKey { storage_key_info: SecretStorageKeyEventContent { key_id: "SOLI8S87tfQr4Pbl8GMn4DVFeLHFoN7a", name: None, algorithm: V1AesHmacSha2(SecretStorageV1AesHmacSha2Properties { iv: Some("rNV49iQTT0wpQKtpj+SbUA"), mac: Some("Nqi65yXyTNe95yBmrgPxZSRML2sAvGMzFgVuTi9YpZs") }), passphrase: None }, .. }, .. } user_id=@testuser4:matrix.aibots.kz device_id=PGZXTNEIMN cross_signing_status=CrossSigningStatus { has_master: true, has_self_signing: true, has_user_signing: true }} > keys_query{request_id="114478d3044645bab3986b40c87f16cc"} > update_state_after_keys_query
2025-08-03T18:03:16.438125Z  INFO elementx: Backup state changed - Recovery: enabled, KeyBackup: enabled | AutoRecoveryKeyService.swift:1326 | spans: root
2025-08-03T18:03:16.438219Z  INFO elementx: Session security state changed, verificationState: unverified, recoveryState: enabled | UserSession.swift:47 | spans: root
2025-08-03T18:03:16.438255Z  INFO elementx: Recovery state changed to: enabled, setting local state to enabled | SecureBackupController.swift:79 | spans: root
2025-08-03T18:03:16.438349Z  INFO elementx: Onboarding already attempted, skipping | UserSessionFlowCoordinator.swift:327 | spans: root
2025-08-03T18:03:16.438501Z  INFO matrix_sdk::encryption::secret_storage::secret_store: Successfully signed our own device, the device is now verified | crates/matrix-sdk/src/encryption/secret_storage/secret_store.rs:411 | spans: root > recover > import_secrets{self=SecretStore { key: SecretStorageKey { storage_key_info: SecretStorageKeyEventContent { key_id: "SOLI8S87tfQr4Pbl8GMn4DVFeLHFoN7a", name: None, algorithm: V1AesHmacSha2(SecretStorageV1AesHmacSha2Properties { iv: Some("rNV49iQTT0wpQKtpj+SbUA"), mac: Some("Nqi65yXyTNe95yBmrgPxZSRML2sAvGMzFgVuTi9YpZs") }), passphrase: None }, .. }, .. } user_id=@testuser4:matrix.aibots.kz device_id=PGZXTNEIMN cross_signing_status=CrossSigningStatus { has_master: true, has_self_signing: true, has_user_signing: true }}
2025-08-03T18:03:16.438521Z DEBUG matrix_sdk::http_client::native: Sending request num_attempt=1 | crates/matrix-sdk/src/http_client/native.rs:78 | spans: root > recover > import_secrets{self=SecretStore { key: SecretStorageKey { storage_key_info: SecretStorageKeyEventContent { key_id: "SOLI8S87tfQr4Pbl8GMn4DVFeLHFoN7a", name: None, algorithm: V1AesHmacSha2(SecretStorageV1AesHmacSha2Properties { iv: Some("rNV49iQTT0wpQKtpj+SbUA"), mac: Some("Nqi65yXyTNe95yBmrgPxZSRML2sAvGMzFgVuTi9YpZs") }), passphrase: None }, .. }, .. } user_id=@testuser4:matrix.aibots.kz device_id=PGZXTNEIMN cross_signing_status=CrossSigningStatus { has_master: true, has_self_signing: true, has_user_signing: true }} > send{request_id="REQ-49" method=GET uri="https://matrix.aibots.kz/_matrix/client/v3/user/@testuser4:matrix.aibots.kz/account_data/m.megolm_backup.v1"}
2025-08-03T18:03:16.438552Z  INFO elementx: Session security state changed, verificationState: verified, recoveryState: enabled | UserSession.swift:47 | spans: root
2025-08-03T18:03:16.444474Z  INFO elementx: Onboarding already attempted, skipping | UserSessionFlowCoordinator.swift:327 | spans: root
2025-08-03T18:03:16.445353Z DEBUG matrix_sdk::http_client: Got response | crates/matrix-sdk/src/http_client/mod.rs:214 | spans: root > next_sync_with_lock{store_generation=0} > sync_once{conn_id="encryption" pos="0/s611_17295_0_366_597_6_11_884_0_1"} > send_outgoing_requests > keys_query{request_id="c38ab097086241c9b5692da21269000e"} > update_state_after_keys_query > send{request_id="REQ-48" method=GET uri="https://matrix.aibots.kz/_matrix/client/v3/user/@testuser4:matrix.aibots.kz/account_data/m.secret_storage.default_key" status=200 response_size="42B"}
2025-08-03T18:03:16.445397Z  INFO elementx: Backup state changed - Recovery: enabled, KeyBackup: enabled | AutoRecoveryKeyService.swift:1326 | spans: root
2025-08-03T18:03:16.445415Z  INFO elementx: Session security state changed, verificationState: verified, recoveryState: enabled | UserSession.swift:47 | spans: root
2025-08-03T18:03:16.445433Z  INFO elementx: Recovery state changed to: enabled, setting local state to enabled | SecureBackupController.swift:79 | spans: root
2025-08-03T18:03:16.445712Z  INFO elementx: Session security state changed, verificationState: verified, recoveryState: enabled | UserSession.swift:47 | spans: root
2025-08-03T18:03:16.447257Z  INFO elementx: Onboarding already attempted, skipping | UserSessionFlowCoordinator.swift:327 | spans: root
2025-08-03T18:03:16.447307Z  INFO elementx: Onboarding already attempted, skipping | UserSessionFlowCoordinator.swift:327 | spans: root
2025-08-03T18:03:16.450189Z DEBUG matrix_sdk::http_client: Error while sending request: Api(Server(ClientApi(Error { status_code: 404, body: Standard { kind: NotFound, message: "Account data not found" } }))) | crates/matrix-sdk/src/http_client/mod.rs:218 | spans: root > recover > import_secrets{self=SecretStore { key: SecretStorageKey { storage_key_info: SecretStorageKeyEventContent { key_id: "SOLI8S87tfQr4Pbl8GMn4DVFeLHFoN7a", name: None, algorithm: V1AesHmacSha2(SecretStorageV1AesHmacSha2Properties { iv: Some("rNV49iQTT0wpQKtpj+SbUA"), mac: Some("Nqi65yXyTNe95yBmrgPxZSRML2sAvGMzFgVuTi9YpZs") }), passphrase: None }, .. }, .. } user_id=@testuser4:matrix.aibots.kz device_id=PGZXTNEIMN cross_signing_status=CrossSigningStatus { has_master: true, has_self_signing: true, has_user_signing: true }} > send{request_id="REQ-49" method=GET uri="https://matrix.aibots.kz/_matrix/client/v3/user/@testuser4:matrix.aibots.kz/account_data/m.megolm_backup.v1" status=404 response_size="58B"}
2025-08-03T18:03:16.450200Z  INFO matrix_sdk::encryption::secret_storage::secret_store: No backup recovery key found. | crates/matrix-sdk/src/encryption/secret_storage/secret_store.rs:308 | spans: root > recover > import_secrets{self=SecretStore { key: SecretStorageKey { storage_key_info: SecretStorageKeyEventContent { key_id: "SOLI8S87tfQr4Pbl8GMn4DVFeLHFoN7a", name: None, algorithm: V1AesHmacSha2(SecretStorageV1AesHmacSha2Properties { iv: Some("rNV49iQTT0wpQKtpj+SbUA"), mac: Some("Nqi65yXyTNe95yBmrgPxZSRML2sAvGMzFgVuTi9YpZs") }), passphrase: None }, .. }, .. } user_id=@testuser4:matrix.aibots.kz device_id=PGZXTNEIMN cross_signing_status=CrossSigningStatus { has_master: true, has_self_signing: true, has_user_signing: true }}
2025-08-03T18:03:16.450313Z DEBUG matrix_sdk::http_client::native: Sending request num_attempt=1 | crates/matrix-sdk/src/http_client/native.rs:78 | spans: root > recover > send{request_id="REQ-50" method=GET uri="https://matrix.aibots.kz/_matrix/client/v3/user/@testuser4:matrix.aibots.kz/account_data/m.secret_storage.default_key"}
2025-08-03T18:03:16.459782Z DEBUG matrix_sdk::http_client: Got response | crates/matrix-sdk/src/http_client/mod.rs:214 | spans: root > recover > send{request_id="REQ-50" method=GET uri="https://matrix.aibots.kz/_matrix/client/v3/user/@testuser4:matrix.aibots.kz/account_data/m.secret_storage.default_key" status=200 response_size="42B"}
2025-08-03T18:03:16.459830Z  INFO elementx: Backup state changed - Recovery: enabled, KeyBackup: enabled | AutoRecoveryKeyService.swift:1326 | spans: root
2025-08-03T18:03:16.459841Z  INFO elementx: [AutoRecovery] ✅ Successfully recovered from existing key | AutoRecoveryKeyService.swift:213 | spans: root
2025-08-03T18:03:16.459850Z  INFO elementx: Session security state changed, verificationState: verified, recoveryState: enabled | UserSession.swift:47 | spans: root
2025-08-03T18:03:16.459869Z  INFO elementx: Recovery state changed to: enabled, setting local state to enabled | SecureBackupController.swift:79 | spans: root
2025-08-03T18:03:16.463685Z  INFO elementx: [AutoRecovery] Recovery state changed from validating to active(createdAt: 2025-08-03 18:03:16 +0000) in context: recoverFromExistingKey success | AutoRecoveryKeyService.swift:213 | spans: root
2025-08-03T18:03:16.463703Z  INFO elementx: [AutoRecovery] Waiting for UI state synchronization after successful recovery | AutoRecoveryKeyService.swift:213 | spans: root
2025-08-03T18:03:16.463718Z  INFO elementx: [AutoRecovery] 🔄 Waiting for recovery state to update to: enabled | AutoRecoveryKeyService.swift:213 | spans: root
2025-08-03T18:03:16.463757Z  INFO elementx: [AutoRecovery] Current recovery state during wait: enabled, expected: enabled | AutoRecoveryKeyService.swift:213 | spans: root
2025-08-03T18:03:16.463770Z  INFO elementx: [AutoRecovery] ✅ Recovery state successfully updated to: enabled | AutoRecoveryKeyService.swift:213 | spans: root
2025-08-03T18:03:16.463898Z  INFO elementx: Onboarding already attempted, skipping | UserSessionFlowCoordinator.swift:327 | spans: root
2025-08-03T18:03:16.467604Z  INFO elementx: Auto recovery setup completed successfully - Operation: restoreFromLocalKey | ClientProxy.swift:1220 | spans: root
2025-08-03T18:03:16.467667Z  INFO elementx: Auto recovery key system is now active | UserSessionFlowCoordinator.swift:769 | spans: root
2025-08-03T18:03:16.467721Z  INFO elementx: 🔐 Starting automatic cross-signing setup for improved encryption | UserSessionFlowCoordinator.swift:734 | spans: root
2025-08-03T18:03:16.467753Z  INFO elementx: 🔐 Starting automatic cross-signing setup | ClientProxy.swift:1254 | spans: root
2025-08-03T18:03:16.467801Z DEBUG matrix_sdk::http_client::native: Sending request num_attempt=1 | crates/matrix-sdk/src/http_client/native.rs:78 | spans: root > send{request_id="REQ-51" method=GET uri="https://matrix.aibots.kz/_matrix/client/v3/room_keys/version"}
2025-08-03T18:03:16.490157Z DEBUG matrix_sdk::http_client: Got response | crates/matrix-sdk/src/http_client/mod.rs:214 | spans: root > send{request_id="REQ-51" method=GET uri="https://matrix.aibots.kz/_matrix/client/v3/room_keys/version" status=200 response_size="319B"}
2025-08-03T18:03:16.490188Z  INFO elementx: ✅ Cross-signing already properly configured | ClientProxy.swift:1265 | spans: root
2025-08-03T18:03:16.490211Z  INFO elementx: ✅ Cross-signing setup completed successfully | UserSessionFlowCoordinator.swift:740 | spans: root
2025-08-03T18:03:16.836557Z  INFO elementx: Send queue status changed to enabled: false, reachability: reachable | ClientProxy.swift:236 | spans: root
2025-08-03T18:03:16.836586Z  INFO elementx: Enabling all send queues | ClientProxy.swift:239 | spans: root
2025-08-03T18:03:18.169230Z  INFO elementx: [AutoRecovery] 🔍 Post-login recovery state analysis: enabled | AutoRecoveryKeyService.swift:213 | spans: root
2025-08-03T18:03:18.187033Z  INFO elementx: [AutoRecovery] 🔐 Keychain availability: ✅ Available | AutoRecoveryKeyService.swift:213 | spans: root
2025-08-03T18:03:18.197007Z  INFO elementx: SSSS recovery key retrieved for user: @testuser4:matrix.aibots.kz | KeychainController.swift:234 | spans: root
2025-08-03T18:03:18.197147Z  INFO elementx: [AutoRecovery] Found existing local recovery key in getExistingLocalRecoveryKey: preview=EsTF aqXx ... 4r6y | AutoRecoveryKeyService.swift:213 | spans: root
2025-08-03T18:03:18.197457Z  INFO elementx: [AutoRecovery] Recovery key validation: length=48, preview=EsTFaqXxW9...d4r6y | AutoRecoveryKeyService.swift:213 | spans: root
2025-08-03T18:03:18.198411Z  INFO elementx: [AutoRecovery] Recovery key structure validation passed - correct Matrix format | AutoRecoveryKeyService.swift:213 | spans: root
2025-08-03T18:03:18.198459Z  INFO elementx: [AutoRecovery] Recovery key passed full Matrix specification validation | AutoRecoveryKeyService.swift:213 | spans: root
2025-08-03T18:03:18.198503Z  INFO elementx: [AutoRecovery] Recovery key format validation passed | AutoRecoveryKeyService.swift:213 | spans: root
2025-08-03T18:03:18.198547Z  INFO elementx: [AutoRecovery] ✅ Recovery already enabled and local key exists | AutoRecoveryKeyService.swift:213 | spans: root
2025-08-03T18:03:21.530253Z  INFO elementx: NavigationStackCoordinator(ElementX.SettingsScreenCoordinator) Set root: ElementX.SettingsScreenCoordinator | NavigationCoordinators.swift:759 | spans: root
2025-08-03T18:03:21.530413Z  INFO elementx: NavigationSplitCoordinator(NavigationStackCoordinator(ElementX.HomeScreenCoordinator) | Empty) Set sheet: NavigationStackCoordinator(ElementX.SettingsScreenCoordinator) | NavigationCoordinators.swift:386 | spans: root
2025-08-03T18:03:21.530659Z  INFO elementx: Transitioning from `roomList(roomListSelectedRoomID: nil)` to `settingsScreen(roomListSelectedRoomID: nil)` with event `showSettingsScreen` | UserSessionFlowCoordinatorStateMachine.swift:227 | spans: root
2025-08-03T18:03:21.706715Z DEBUG matrix_sdk::http_client::native: Sending request num_attempt=1 | crates/matrix-sdk/src/http_client/native.rs:78 | spans: root > send{request_id="REQ-52" method=GET uri="https://matrix.aibots.kz/_matrix/client/v3/profile/@testuser4:matrix.aibots.kz/avatar_url"}
2025-08-03T18:03:21.727771Z DEBUG matrix_sdk::http_client: Error while sending request: Api(Server(ClientApi(Error { status_code: 404, body: Standard { kind: NotFound, message: "Profile was not found" } }))) | crates/matrix-sdk/src/http_client/mod.rs:218 | spans: root > send{request_id="REQ-52" method=GET uri="https://matrix.aibots.kz/_matrix/client/v3/profile/@testuser4:matrix.aibots.kz/avatar_url" status=404 response_size="57B"}
2025-08-03T18:03:21.734420Z ERROR elementx: Failed loading user avatar URL with error: MatrixApi(kind: MatrixRustSDK.ErrorKind.notFound, code: "M_NOT_FOUND", msg: "Profile was not found", details: Optional("Error { status_code: 404, body: Standard { kind: NotFound, message: \"Profile was not found\" } }")) | ClientProxy.swift:651 | spans: root
2025-08-03T18:03:21.734581Z DEBUG matrix_sdk::http_client::native: Sending request num_attempt=1 | crates/matrix-sdk/src/http_client/native.rs:78 | spans: root > send{request_id="REQ-53" method=GET uri="https://matrix.aibots.kz/_matrix/client/v3/profile/@testuser4:matrix.aibots.kz/displayname"}
2025-08-03T18:03:21.751701Z DEBUG matrix_sdk::http_client: Error while sending request: Api(Server(ClientApi(Error { status_code: 404, body: Standard { kind: NotFound, message: "Profile was not found" } }))) | crates/matrix-sdk/src/http_client/mod.rs:218 | spans: root > send{request_id="REQ-53" method=GET uri="https://matrix.aibots.kz/_matrix/client/v3/profile/@testuser4:matrix.aibots.kz/displayname" status=404 response_size="57B"}
2025-08-03T18:03:21.751795Z ERROR elementx: Failed loading user display name with error: MatrixApi(kind: MatrixRustSDK.ErrorKind.notFound, code: "M_NOT_FOUND", msg: "Profile was not found", details: Optional("Error { status_code: 404, body: Standard { kind: NotFound, message: \"Profile was not found\" } }")) | ClientProxy.swift:626 | spans: root
2025-08-03T18:03:25.146805Z  INFO elementx: NavigationStackCoordinator(ElementX.SettingsScreenCoordinator) Push: ElementX.SecureBackupScreenCoordinator | NavigationCoordinators.swift:759 | spans: root
2025-08-03T18:03:27.626326Z  INFO elementx: NavigationStackCoordinator(ElementX.SettingsScreenCoordinator) Pop: ElementX.SecureBackupScreenCoordinator | NavigationCoordinators.swift:759 | spans: root
2025-08-03T18:03:28.916054Z  INFO elementx: NavigationSplitCoordinator(NavigationStackCoordinator(ElementX.HomeScreenCoordinator) | Empty) Remove sheet: NavigationStackCoordinator(ElementX.SettingsScreenCoordinator) | NavigationCoordinators.swift:386 | spans: root
2025-08-03T18:03:28.916845Z  INFO elementx: Transitioning from `settingsScreen(roomListSelectedRoomID: nil)` to `roomList(roomListSelectedRoomID: nil)` with event `dismissedSettingsScreen` | UserSessionFlowCoordinatorStateMachine.swift:227 | spans: root
2025-08-03T18:03:29.038384Z  INFO elementx: NavigationSplitCoordinator(NavigationStackCoordinator(ElementX.HomeScreenCoordinator) | Empty) Set sheet: ElementX.SecureBackupLogoutConfirmationScreenCoordinator | NavigationCoordinators.swift:386 | spans: root
2025-08-03T18:03:33.436273Z  INFO elementx: NavigationSplitCoordinator(NavigationStackCoordinator(ElementX.HomeScreenCoordinator) | Empty) Remove sheet: ElementX.SecureBackupLogoutConfirmationScreenCoordinator | NavigationCoordinators.swift:386 | spans: root
2025-08-03T18:03:34.244462Z  INFO elementx: NavigationStackCoordinator(ElementX.SettingsScreenCoordinator) Set root: ElementX.SettingsScreenCoordinator | NavigationCoordinators.swift:759 | spans: root
2025-08-03T18:03:34.245595Z  INFO elementx: NavigationSplitCoordinator(NavigationStackCoordinator(ElementX.HomeScreenCoordinator) | Empty) Set sheet: NavigationStackCoordinator(ElementX.SettingsScreenCoordinator) | NavigationCoordinators.swift:386 | spans: root
2025-08-03T18:03:34.246247Z  INFO elementx: Transitioning from `roomList(roomListSelectedRoomID: nil)` to `settingsScreen(roomListSelectedRoomID: nil)` with event `showSettingsScreen` | UserSessionFlowCoordinatorStateMachine.swift:227 | spans: root
2025-08-03T18:03:34.366824Z DEBUG matrix_sdk::http_client::native: Sending request num_attempt=1 | crates/matrix-sdk/src/http_client/native.rs:78 | spans: root > send{request_id="REQ-54" method=GET uri="https://matrix.aibots.kz/_matrix/client/v3/profile/@testuser4:matrix.aibots.kz/avatar_url"}
2025-08-03T18:03:34.390026Z DEBUG matrix_sdk::http_client: Error while sending request: Api(Server(ClientApi(Error { status_code: 404, body: Standard { kind: NotFound, message: "Profile was not found" } }))) | crates/matrix-sdk/src/http_client/mod.rs:218 | spans: root > send{request_id="REQ-54" method=GET uri="https://matrix.aibots.kz/_matrix/client/v3/profile/@testuser4:matrix.aibots.kz/avatar_url" status=404 response_size="57B"}
2025-08-03T18:03:34.390140Z ERROR elementx: Failed loading user avatar URL with error: MatrixApi(kind: MatrixRustSDK.ErrorKind.notFound, code: "M_NOT_FOUND", msg: "Profile was not found", details: Optional("Error { status_code: 404, body: Standard { kind: NotFound, message: \"Profile was not found\" } }")) | ClientProxy.swift:651 | spans: root
2025-08-03T18:03:34.390186Z DEBUG matrix_sdk::http_client::native: Sending request num_attempt=1 | crates/matrix-sdk/src/http_client/native.rs:78 | spans: root > send{request_id="REQ-55" method=GET uri="https://matrix.aibots.kz/_matrix/client/v3/profile/@testuser4:matrix.aibots.kz/displayname"}
2025-08-03T18:03:34.406461Z DEBUG matrix_sdk::http_client: Error while sending request: Api(Server(ClientApi(Error { status_code: 404, body: Standard { kind: NotFound, message: "Profile was not found" } }))) | crates/matrix-sdk/src/http_client/mod.rs:218 | spans: root > send{request_id="REQ-55" method=GET uri="https://matrix.aibots.kz/_matrix/client/v3/profile/@testuser4:matrix.aibots.kz/displayname" status=404 response_size="57B"}
2025-08-03T18:03:34.406530Z ERROR elementx: Failed loading user display name with error: MatrixApi(kind: MatrixRustSDK.ErrorKind.notFound, code: "M_NOT_FOUND", msg: "Profile was not found", details: Optional("Error { status_code: 404, body: Standard { kind: NotFound, message: \"Profile was not found\" } }")) | ClientProxy.swift:626 | spans: root
2025-08-03T18:03:35.815873Z  INFO elementx: NavigationStackCoordinator(ElementX.SettingsScreenCoordinator) Push: ElementX.SecureBackupScreenCoordinator | NavigationCoordinators.swift:759 | spans: root
2025-08-03T18:03:36.799861Z  INFO elementx: NavigationStackCoordinator(ElementX.SecureBackupRecoveryKeyScreenCoordinator) Set root: ElementX.SecureBackupRecoveryKeyScreenCoordinator | NavigationCoordinators.swift:759 | spans: root
2025-08-03T18:03:36.801915Z  INFO elementx: NavigationStackCoordinator(ElementX.SettingsScreenCoordinator) Set sheet: NavigationStackCoordinator(ElementX.SecureBackupRecoveryKeyScreenCoordinator) | NavigationCoordinators.swift:759 | spans: root
2025-08-03T18:03:36.883213Z  INFO elementx: View model: received view action: loadExistingKey | SecureBackupRecoveryKeyScreenViewModel.swift:48 | spans: root
2025-08-03T18:03:36.887988Z  INFO elementx: SSSS recovery key retrieved for user: @testuser4:matrix.aibots.kz | KeychainController.swift:234 | spans: root
2025-08-03T18:03:36.888020Z  INFO elementx: [AutoRecovery] Recovery key export: length=59, preview=EsTF aqXx ... 4r6y | AutoRecoveryKeyService.swift:213 | spans: root
2025-08-03T18:03:38.174947Z  INFO elementx: View model: received view action: copyKey | SecureBackupRecoveryKeyScreenViewModel.swift:48 | spans: root
2025-08-03T18:03:38.192675Z  INFO elementx: Recovery key copied to clipboard with enhanced user feedback | SecureBackupRecoveryKeyScreenViewModel.swift:108 | spans: root
-[RTIInputSystemClient remoteTextInputSessionWithID:performInputOperation:]  perform input operation requires a valid sessionID. inputModality = Keyboard, inputOperation = dismissAutoFillPanel, customInfoType = UIUserInteractionRemoteInputOperations
2025-08-03T18:03:39.651132Z  INFO elementx: Application will resign active | AppCoordinator.swift:1461 | spans: root
2025-08-03T18:03:39.657541Z  INFO elementx: Successfully scheduled background app refresh task | AppCoordinator.swift:1524 | spans: root
-[RTIInputSystemClient remoteTextInputSessionWithID:performInputOperation:]  perform input operation requires a valid sessionID. inputModality = Keyboard, inputOperation = dismissAutoFillPanel, customInfoType = UIUserInteractionRemoteInputOperations
-[RTIInputSystemClient remoteTextInputSessionWithID:performInputOperation:]  perform input operation requires a valid sessionID. inputModality = Keyboard, inputOperation = dismissAutoFillPanel, customInfoType = UIUserInteractionRemoteInputOperations
-[RTIInputSystemClient remoteTextInputSessionWithID:performInputOperation:]  perform input operation requires a valid sessionID. inputModality = Keyboard, inputOperation = dismissAutoFillPanel, customInfoType = UIUserInteractionRemoteInputOperations
Snapshotting a view (0x10a55aa00, UIKeyboardImpl) that is not in a visible window requires afterScreenUpdates:YES.
2025-08-03T18:03:46.002670Z DEBUG matrix_sdk::http_client: Got response | crates/matrix-sdk/src/http_client/mod.rs:214 | spans: root > sync_once{conn_id="room-list" pos="0/s611_17295_0_366_597_6_11_883_0_1"} > send{request_id="REQ-30" method=POST uri="https://matrix.aibots.kz/_matrix/client/unstable/org.matrix.simplified_msc3575/sync" request_size="673B" status=200 response_size="241B"}
2025-08-03T18:03:46.007003Z DEBUG matrix_sdk::http_client::native: Sending request num_attempt=1 | crates/matrix-sdk/src/http_client/native.rs:78 | spans: root > sync_once{conn_id="room-list" pos="0/s611_17295_0_366_597_6_11_884_0_1"} > send{request_id="REQ-56" method=POST uri="https://matrix.aibots.kz/_matrix/client/unstable/org.matrix.simplified_msc3575/sync" request_size="673B"}
2025-08-03T18:03:46.024531Z  INFO elementx: Received room list update: running | ClientProxy.swift:974 | spans: root
2025-08-03T18:03:46.512922Z DEBUG matrix_sdk::http_client: Got response | crates/matrix-sdk/src/http_client/mod.rs:214 | spans: root > next_sync_with_lock{store_generation=0} > sync_once{conn_id="encryption" pos="0/s611_17295_0_366_597_6_11_884_0_1"} > send{request_id="REQ-45" method=POST uri="https://matrix.aibots.kz/_matrix/client/unstable/org.matrix.simplified_msc3575/sync" request_size="149B" status=200 response_size="276B"}
2025-08-03T18:03:46.522643Z DEBUG matrix_sdk::http_client::native: Sending request num_attempt=1 | crates/matrix-sdk/src/http_client/native.rs:78 | spans: root > next_sync_with_lock{store_generation=0} > sync_once{conn_id="encryption" pos="0/s611_17295_0_366_597_6_11_884_0_1"} > send{request_id="REQ-57" method=POST uri="https://matrix.aibots.kz/_matrix/client/unstable/org.matrix.simplified_msc3575/sync" request_size="149B"}
2025-08-03T18:03:46.522789Z DEBUG matrix_sdk_crypto::session_manager::sessions: Collected user/device pairs that are missing an Olm session missing_session_devices_by_user={} timed_out_devices_by_user={} | crates/matrix-sdk-crypto/src/session_manager/sessions.rs:287 | spans: root > next_sync_with_lock{store_generation=0} > sync_once{conn_id="encryption" pos="0/s611_17295_0_366_597_6_11_884_0_1"} > send_outgoing_requests > get_missing_sessions
2025-08-03T18:03:47.353003Z  INFO elementx: Application did become active | AppCoordinator.swift:1486 | spans: root
2025-08-03T18:03:47.353117Z  INFO elementx: Ending background task. | AppCoordinator.swift:1496 | spans: root
2025-08-03T18:03:47.377902Z  INFO elementx: Starting sync | ClientProxy.swift:361 | spans: root
2025-08-03T18:03:49.167860Z  INFO elementx: View model: received view action: done | SecureBackupRecoveryKeyScreenViewModel.swift:48 | spans: root
2025-08-03T18:03:50.669378Z  INFO elementx: Coordinator: received view model action: done(mode: ElementX.SecureBackupRecoveryKeyScreenViewMode.viewRecovery) | SecureBackupRecoveryKeyScreenCoordinator.swift:45 | spans: root
2025-08-03T18:03:50.691750Z  INFO elementx: NavigationStackCoordinator(ElementX.SettingsScreenCoordinator) Remove sheet: NavigationStackCoordinator(ElementX.SecureBackupRecoveryKeyScreenCoordinator) | NavigationCoordinators.swift:759 | spans: root
2025-08-03T18:03:52.703117Z  INFO elementx: NavigationStackCoordinator(ElementX.SettingsScreenCoordinator) Pop: ElementX.SecureBackupScreenCoordinator | NavigationCoordinators.swift:759 | spans: root
2025-08-03T18:03:54.254278Z  INFO elementx: NavigationSplitCoordinator(NavigationStackCoordinator(ElementX.HomeScreenCoordinator) | Empty) Remove sheet: NavigationStackCoordinator(ElementX.SettingsScreenCoordinator) | NavigationCoordinators.swift:386 | spans: root
2025-08-03T18:03:54.275574Z  INFO elementx: Transitioning from `settingsScreen(roomListSelectedRoomID: nil)` to `roomList(roomListSelectedRoomID: nil)` with event `dismissedSettingsScreen` | UserSessionFlowCoordinatorStateMachine.swift:227 | spans: root
2025-08-03T18:03:54.940384Z  INFO elementx: NavigationStackCoordinator(ElementX.SettingsScreenCoordinator) Set root: ElementX.SettingsScreenCoordinator | NavigationCoordinators.swift:759 | spans: root
2025-08-03T18:03:54.940602Z  INFO elementx: NavigationSplitCoordinator(NavigationStackCoordinator(ElementX.HomeScreenCoordinator) | Empty) Set sheet: NavigationStackCoordinator(ElementX.SettingsScreenCoordinator) | NavigationCoordinators.swift:386 | spans: root
2025-08-03T18:03:54.940812Z  INFO elementx: Transitioning from `roomList(roomListSelectedRoomID: nil)` to `settingsScreen(roomListSelectedRoomID: nil)` with event `showSettingsScreen` | UserSessionFlowCoordinatorStateMachine.swift:227 | spans: root
2025-08-03T18:03:55.055184Z DEBUG matrix_sdk::http_client::native: Sending request num_attempt=1 | crates/matrix-sdk/src/http_client/native.rs:78 | spans: root > send{request_id="REQ-58" method=GET uri="https://matrix.aibots.kz/_matrix/client/v3/profile/@testuser4:matrix.aibots.kz/avatar_url"}
2025-08-03T18:03:55.077070Z DEBUG matrix_sdk::http_client: Error while sending request: Api(Server(ClientApi(Error { status_code: 404, body: Standard { kind: NotFound, message: "Profile was not found" } }))) | crates/matrix-sdk/src/http_client/mod.rs:218 | spans: root > send{request_id="REQ-58" method=GET uri="https://matrix.aibots.kz/_matrix/client/v3/profile/@testuser4:matrix.aibots.kz/avatar_url" status=404 response_size="57B"}
2025-08-03T18:03:55.089562Z ERROR elementx: Failed loading user avatar URL with error: MatrixApi(kind: MatrixRustSDK.ErrorKind.notFound, code: "M_NOT_FOUND", msg: "Profile was not found", details: Optional("Error { status_code: 404, body: Standard { kind: NotFound, message: \"Profile was not found\" } }")) | ClientProxy.swift:651 | spans: root
2025-08-03T18:03:55.089640Z DEBUG matrix_sdk::http_client::native: Sending request num_attempt=1 | crates/matrix-sdk/src/http_client/native.rs:78 | spans: root > send{request_id="REQ-59" method=GET uri="https://matrix.aibots.kz/_matrix/client/v3/profile/@testuser4:matrix.aibots.kz/displayname"}
2025-08-03T18:03:55.108311Z DEBUG matrix_sdk::http_client: Error while sending request: Api(Server(ClientApi(Error { status_code: 404, body: Standard { kind: NotFound, message: "Profile was not found" } }))) | crates/matrix-sdk/src/http_client/mod.rs:218 | spans: root > send{request_id="REQ-59" method=GET uri="https://matrix.aibots.kz/_matrix/client/v3/profile/@testuser4:matrix.aibots.kz/displayname" status=404 response_size="57B"}
2025-08-03T18:03:55.108400Z ERROR elementx: Failed loading user display name with error: MatrixApi(kind: MatrixRustSDK.ErrorKind.notFound, code: "M_NOT_FOUND", msg: "Profile was not found", details: Optional("Error { status_code: 404, body: Standard { kind: NotFound, message: \"Profile was not found\" } }")) | ClientProxy.swift:626 | spans: root
2025-08-03T18:03:56.108021Z  INFO elementx: NavigationSplitCoordinator(NavigationStackCoordinator(ElementX.HomeScreenCoordinator) | Empty) Remove sheet: NavigationStackCoordinator(ElementX.SettingsScreenCoordinator) | NavigationCoordinators.swift:386 | spans: root
2025-08-03T18:03:56.108818Z  INFO elementx: Transitioning from `settingsScreen(roomListSelectedRoomID: nil)` to `roomList(roomListSelectedRoomID: nil)` with event `dismissedSettingsScreen` | UserSessionFlowCoordinatorStateMachine.swift:227 | spans: root
2025-08-03T18:03:56.226547Z  INFO elementx: NavigationSplitCoordinator(NavigationStackCoordinator(ElementX.HomeScreenCoordinator) | Empty) Set sheet: ElementX.SecureBackupLogoutConfirmationScreenCoordinator | NavigationCoordinators.swift:386 | spans: root
2025-08-03T18:03:58.026618Z  INFO elementx: View model: received view action: logout | SecureBackupLogoutConfirmationScreenViewModel.swift:48 | spans: root
2025-08-03T18:03:58.044681Z  INFO elementx: Waiting for backup upload steady state | SecureBackupController.swift:159 | spans: root
2025-08-03T18:03:58.055283Z  INFO elementx: Coordinator: received view model action: logout | SecureBackupLogoutConfirmationScreenCoordinator.swift:40 | spans: root
2025-08-03T18:03:58.073508Z  INFO elementx: Transitioning from `signedIn` to `signingOut(isSoft: false, disableAppLock: false)` with event `signOut(isSoft: false, disableAppLock: false)` | AppCoordinatorStateMachine.swift:92 | spans: root
2025-08-03T18:03:58.073721Z  INFO elementx: Stopping sync | ClientProxy.swift:398 | spans: root
2025-08-03T18:03:58.074657Z  INFO elementx: Received room list update: terminated | ClientProxy.swift:974 | spans: root
2025-08-03T18:03:58.074825Z  INFO elementx: Sync stopped | ClientProxy.swift:415 | spans: root
2025-08-03T18:03:58.078408Z  INFO elementx: [BadgeCountService] Updated badge count to: 0 | BadgeCountService.swift:27 | spans: root
2025-08-03T18:03:58.078896Z DEBUG matrix_sdk::http_client::native: Sending request num_attempt=1 | crates/matrix-sdk/src/http_client/native.rs:78 | spans: root > send{request_id="REQ-60" method=POST uri="https://matrix.aibots.kz/_matrix/client/v3/logout" request_size="0B"}
2025-08-03T18:03:58.079610Z  INFO elementx: Received sync service update: idle | ClientProxy.swift:936 | spans: root
2025-08-03T18:03:58.166911Z DEBUG matrix_sdk::http_client: Got response | crates/matrix-sdk/src/http_client/mod.rs:214 | spans: root > send{request_id="REQ-60" method=POST uri="https://matrix.aibots.kz/_matrix/client/v3/logout" request_size="0B" status=200 response_size="2B"}
2025-08-03T18:03:58.172835Z  WARN elementx: Removing restoration token for user: @testuser4:matrix.aibots.kz. | KeychainController.swift:82 | spans: root
2025-08-03T18:03:58.174610Z  INFO elementx: 🔄 CRITICAL FIX: Skipping auto-registration - userSession: Nil, token: Nil | NotificationManager.swift:161 | spans: root
2025-08-03T18:03:58.174630Z  WARN elementx: Resetting the user session specific AppSettings. | AppSettings.swift:80 | spans: root
2025-08-03T18:03:58.185102Z  INFO elementx: Sentry configured (enabled: false) | AppCoordinator.swift:1334 | spans: root
2025-08-03T18:03:58.185128Z  INFO elementx: Reset. | AnalyticsService.swift:84 | spans: root
2025-08-03T18:03:58.185143Z  INFO elementx: Stopped. | AnalyticsService.swift:63 | spans: root
2025-08-03T18:03:58.185155Z  WARN elementx: Resetting consent state for analytics. | AnalyticsService.swift:89 | spans: root
2025-08-03T18:03:58.188461Z  INFO elementx: Sentry configured (enabled: false) | AppCoordinator.swift:1334 | spans: root
2025-08-03T18:03:58.188558Z  INFO elementx: Transitioning from `signingOut(isSoft: false, disableAppLock: false)` to `signedOut` with event `completedSigningOut` | AppCoordinatorStateMachine.swift:92 | spans: root
2025-08-03T18:03:58.193668Z  INFO elementx: NavigationRootCoordinator(ElementX.SplashScreenCoordinator Set root: ElementX.SplashScreenCoordinator | NavigationRootCoordinator.swift:149 | spans: root
2025-08-03T18:03:58.199758Z  INFO elementx: NavigationStackCoordinator(ElementX.LoginScreenCoordinator) Set root: ElementX.LoginScreenCoordinator | NavigationCoordinators.swift:759 | spans: root
2025-08-03T18:03:58.200500Z  INFO elementx: NavigationRootCoordinator(NavigationStackCoordinator(ElementX.LoginScreenCoordinator) Set root: NavigationStackCoordinator(ElementX.LoginScreenCoordinator) | NavigationRootCoordinator.swift:149 | spans: root
2025-08-03T18:03:58.206933Z  INFO elementx: Transitioning from `initial` to `startScreen` with event `Optional(ElementX.AuthenticationFlowCoordinator.Event.start)`. | AuthenticationFlowCoordinator.swift:259 | spans: root
2025-08-03T18:03:58.216383Z  INFO elementx: Auto-configuring server: matrix.aibots.kz | LoginScreenViewModel.swift:184 | spans: root
2025-08-03T18:03:58.228769Z  INFO elementx: Starting server configuration for: matrix.aibots.kz | AuthenticationService.swift:46 | spans: root
2025-08-03T18:03:58.228806Z  INFO elementx: Creating client builder for: matrix.aibots.kz | AuthenticationService.swift:50 | spans: root
2025-08-03T18:03:58.229012Z  INFO elementx: Notification sound enabled: true | NotificationManager.swift:131 | spans: root
2025-08-03T18:03:58.229030Z  INFO elementx: 🔔 NOTIFICATION PERMISSIONS DIAGNOSTIC: | NotificationManager.swift:134 | spans: root
2025-08-03T18:03:58.229132Z  INFO elementx: Building client for: matrix.aibots.kz | AuthenticationService.swift:53 | spans: root
2025-08-03T18:03:58.230715Z DEBUG matrix_sdk::client::builder: Starting to build the Client | crates/matrix-sdk/src/client/builder/mod.rs:506 | spans: root > build
2025-08-03T18:03:58.235826Z  INFO elementx: 📱 Authorization Status: 2 (UNAuthorizationStatus(rawValue: 2)) | NotificationManager.swift:135 | spans: root
2025-08-03T18:03:58.235881Z  INFO elementx: 🎵 Sound Setting: 2 | NotificationManager.swift:136 | spans: root
2025-08-03T18:03:58.235914Z  INFO elementx: 🚨 Alert Setting: 2 | NotificationManager.swift:137 | spans: root
2025-08-03T18:03:58.235962Z  INFO elementx: 🔴 Badge Setting: 2 | NotificationManager.swift:138 | spans: root
2025-08-03T18:03:58.235993Z  INFO elementx: 📢 Notification Center Setting: 2 | NotificationManager.swift:139 | spans: root
2025-08-03T18:03:58.236023Z  INFO elementx: 🔒 Lock Screen Setting: 2 | NotificationManager.swift:140 | spans: root
2025-08-03T18:03:58.236111Z  INFO elementx: ⚙️ App enableNotifications: true | NotificationManager.swift:141 | spans: root
2025-08-03T18:03:58.236177Z  INFO elementx: 🎯 App hideUnreadMessagesBadge: false | NotificationManager.swift:142 | spans: root
2025-08-03T18:03:58.471878Z DEBUG matrix_sdk::client::builder::homeserver_config: Trying to discover the homeserver | crates/matrix-sdk/src/client/builder/homeserver_config.rs:175 | spans: root > build{homeserver=ServerNameOrHomeserverUrl("matrix.aibots.kz")}
2025-08-03T18:03:58.471916Z DEBUG matrix_sdk::http_client::native: Sending request num_attempt=1 | crates/matrix-sdk/src/http_client/native.rs:78 | spans: root > build{homeserver=ServerNameOrHomeserverUrl("matrix.aibots.kz")} > send{request_id="REQ-0" method=GET uri="https://matrix.aibots.kz/.well-known/matrix/client"}
2025-08-03T18:03:58.543584Z DEBUG matrix_sdk::http_client: Got response | crates/matrix-sdk/src/http_client/mod.rs:214 | spans: root > build{homeserver=ServerNameOrHomeserverUrl("matrix.aibots.kz")} > send{request_id="REQ-0" method=GET uri="https://matrix.aibots.kz/.well-known/matrix/client" status=200 response_size="2.0k"}
2025-08-03T18:03:58.543603Z DEBUG matrix_sdk::client::builder::homeserver_config: Discovered the homeserver homeserver_url="https://matrix.aibots.kz" | crates/matrix-sdk/src/client/builder/homeserver_config.rs:197 | spans: root > build{homeserver=ServerNameOrHomeserverUrl("matrix.aibots.kz")}
2025-08-03T18:03:58.543630Z DEBUG matrix_sdk::http_client::native: Sending request num_attempt=1 | crates/matrix-sdk/src/http_client/native.rs:78 | spans: root > build{homeserver=ServerNameOrHomeserverUrl("matrix.aibots.kz")} > send{request_id="REQ-1" method=GET uri="https://matrix.aibots.kz/_matrix/client/versions"}
2025-08-03T18:03:58.559265Z DEBUG matrix_sdk::http_client: Got response | crates/matrix-sdk/src/http_client/mod.rs:214 | spans: root > build{homeserver=ServerNameOrHomeserverUrl("matrix.aibots.kz")} > send{request_id="REQ-1" method=GET uri="https://matrix.aibots.kz/_matrix/client/versions" status=200 response_size="1.1k"}
2025-08-03T18:03:58.559281Z  INFO matrix_sdk::client::builder: selected sliding sync version version=Native | crates/matrix-sdk/src/client/builder/mod.rs:557 | spans: root > build{homeserver=ServerNameOrHomeserverUrl("matrix.aibots.kz")}
2025-08-03T18:03:58.559311Z DEBUG matrix_sdk::client::builder: Done building the Client | crates/matrix-sdk/src/client/builder/mod.rs:610 | spans: root > build{homeserver=ServerNameOrHomeserverUrl("matrix.aibots.kz")}
2025-08-03T18:03:58.559387Z  INFO elementx: Getting homeserver login details for: matrix.aibots.kz | AuthenticationService.swift:56 | spans: root
2025-08-03T18:03:58.559483Z DEBUG matrix_sdk::http_client::native: Sending request num_attempt=1 | crates/matrix-sdk/src/http_client/native.rs:78 | spans: root > send{request_id="REQ-2" method=GET uri="https://matrix.aibots.kz/_matrix/client/versions"}
2025-08-03T18:03:58.572024Z DEBUG matrix_sdk::http_client: Got response | crates/matrix-sdk/src/http_client/mod.rs:214 | spans: root > send{request_id="REQ-2" method=GET uri="https://matrix.aibots.kz/_matrix/client/versions" status=200 response_size="1.1k"}
2025-08-03T18:03:58.572047Z DEBUG matrix_sdk::http_client::native: Sending request num_attempt=1 | crates/matrix-sdk/src/http_client/native.rs:78 | spans: root > send{request_id="REQ-3" method=GET uri="https://matrix.aibots.kz/.well-known/matrix/client"}
2025-08-03T18:03:58.585269Z DEBUG matrix_sdk::http_client: Got response | crates/matrix-sdk/src/http_client/mod.rs:214 | spans: root > send{request_id="REQ-3" method=GET uri="https://matrix.aibots.kz/.well-known/matrix/client" status=200 response_size="2.0k"}
2025-08-03T18:03:58.585968Z DEBUG matrix_sdk::http_client::native: Sending request num_attempt=1 | crates/matrix-sdk/src/http_client/native.rs:78 | spans: root > send{request_id="REQ-4" method=GET uri="https://matrix.aibots.kz/_matrix/client/unstable/org.matrix.msc2965/auth_metadata"}
2025-08-03T18:03:58.599367Z DEBUG matrix_sdk::http_client: Error while sending request: Api(Server(ClientApi(Error { status_code: 404, body: Standard { kind: Unrecognized, message: "Unrecognized request" } }))) | crates/matrix-sdk/src/http_client/mod.rs:218 | spans: root > send{request_id="REQ-4" method=GET uri="https://matrix.aibots.kz/_matrix/client/unstable/org.matrix.msc2965/auth_metadata" status=404 response_size="59B"}
2025-08-03T18:03:58.599391Z ERROR matrix_sdk_ffi::client: Failed to fetch OIDC provider metadata: OAuth 2.0 is not supported by the homeserver | bindings/matrix-sdk-ffi/src/client.rs:337 | spans: root
2025-08-03T18:03:58.599413Z DEBUG matrix_sdk::http_client::native: Sending request num_attempt=1 | crates/matrix-sdk/src/http_client/native.rs:78 | spans: root > send{request_id="REQ-5" method=GET uri="https://matrix.aibots.kz/_matrix/client/v3/login"}
2025-08-03T18:03:58.615561Z DEBUG matrix_sdk::http_client: Got response | crates/matrix-sdk/src/http_client/mod.rs:214 | spans: root > send{request_id="REQ-5" method=GET uri="https://matrix.aibots.kz/_matrix/client/v3/login" status=200 response_size="78B"}
2025-08-03T18:03:58.623575Z  INFO elementx: Sliding sync version: native | AuthenticationService.swift:59 | spans: root
2025-08-03T18:03:58.623619Z  INFO elementx: Supports OIDC login: false | AuthenticationService.swift:60 | spans: root
2025-08-03T18:03:58.623648Z  INFO elementx: Supports password login: true | AuthenticationService.swift:61 | spans: root
2025-08-03T18:03:58.623673Z  INFO elementx: Setting login mode to password | AuthenticationService.swift:67 | spans: root
2025-08-03T18:03:58.623699Z  INFO elementx: Storing client and sending homeserver update | AuthenticationService.swift:83 | spans: root
2025-08-03T18:03:58.623743Z  INFO elementx: Server configuration completed successfully for: matrix.aibots.kz | AuthenticationService.swift:87 | spans: root
2025-08-03T18:03:58.643447Z  INFO elementx: Successfully auto-configured homeserver. Login mode: password | LoginScreenViewModel.swift:220 | spans: root
2025-08-03T18:03:59.417163Z  INFO elementx: [AppDelegate] 🎯 ===== DEVICE TOKEN RECEIVED ===== | AppDelegate.swift:42 | spans: root
2025-08-03T18:03:59.417352Z  INFO elementx: [AppDelegate] 📦 Bundle ID: io.sergeyshmagin.kdbchat | AppDelegate.swift:43 | spans: root
2025-08-03T18:03:59.417473Z  INFO elementx: [AppDelegate] 🔑 Device Token (HEX): 6cff2606600ef2a006ee2d373a5449ce069791a74918f50cf7ae92dff71767dd | AppDelegate.swift:44 | spans: root
2025-08-03T18:03:59.417591Z  INFO elementx: [AppDelegate] 🔑 Device Token (Base64): bP8mBmAO8qAG7i03OlRJzgaXkadJGPUM966S3/cXZ90= | AppDelegate.swift:45 | spans: root
2025-08-03T18:03:59.417703Z  INFO elementx: [AppDelegate] 🔑 Token Length (HEX): 64 chars | AppDelegate.swift:46 | spans: root
2025-08-03T18:03:59.417837Z  INFO elementx: [AppDelegate] 🔑 Token Length (Base64): 44 chars | AppDelegate.swift:47 | spans: root
2025-08-03T18:03:59.418485Z  INFO elementx: [AppDelegate] 📱 Device: iPhone (iOS 18.5) | AppDelegate.swift:48 | spans: root
2025-08-03T18:03:59.418871Z  INFO elementx: [AppDelegate] 🏗️ Build Config: 15 | AppDelegate.swift:49 | spans: root
2025-08-03T18:03:59.418990Z  INFO elementx: [AppDelegate] ========================================== | AppDelegate.swift:50 | spans: root
Unable to simultaneously satisfy constraints.
	Probably at least one of the constraints in the following list is one you don't want. 
	Try this: 
		(1) look at each constraint and try to figure out which you don't expect; 
		(2) find the code that added the unwanted constraint or constraints and fix it. 
(
    "<NSLayoutConstraint:0x10cc90af0 'accessoryView.bottom' _UIRemoteKeyboardPlaceholderView:0x10cc6ddc0.bottom == _UIKBCompatInputView:0x10c269340.top   (active)>",
    "<NSLayoutConstraint:0x10c24e0d0 'assistantHeight' SystemInputAssistantView.height == 45   (active, names: SystemInputAssistantView:0x10a8ac780 )>",
    "<NSLayoutConstraint:0x131847ed0 'assistantView.bottom' SystemInputAssistantView.bottom == _UIKBCompatInputView:0x10c269340.top   (active, names: SystemInputAssistantView:0x10a8ac780 )>",
    "<NSLayoutConstraint:0x1318463a0 'assistantView.top' V:[_UIRemoteKeyboardPlaceholderView:0x10cc6ddc0]-(0)-[SystemInputAssistantView]   (active, names: SystemInputAssistantView:0x10a8ac780 )>"
)

Will attempt to recover by breaking constraint 
<NSLayoutConstraint:0x10c24e0d0 'assistantHeight' SystemInputAssistantView.height == 45   (active, names: SystemInputAssistantView:0x10a8ac780 )>

Make a symbolic breakpoint at UIViewAlertForUnsatisfiableConstraints to catch this in the debugger.
The methods in the UIConstraintBasedLayoutDebugging category on UIView listed in <UIKitCore/UIView.h> may also be helpful.
Unable to simultaneously satisfy constraints.
	Probably at least one of the constraints in the following list is one you don't want. 
	Try this: 
		(1) look at each constraint and try to figure out which you don't expect; 
		(2) find the code that added the unwanted constraint or constraints and fix it. 
(
    "<NSLayoutConstraint:0x13184fb10 'accessoryView.bottom' _UIRemoteKeyboardPlaceholderView:0x10c3639c0.bottom == _UIKBCompatInputView:0x10c269340.top   (active)>",
    "<NSLayoutConstraint:0x13184fa70 'assistantHeight' SystemInputAssistantView.height == 45   (active, names: SystemInputAssistantView:0x10a8ac780 )>",
    "<NSLayoutConstraint:0x131847ed0 'assistantView.bottom' SystemInputAssistantView.bottom == _UIKBCompatInputView:0x10c269340.top   (active, names: SystemInputAssistantView:0x10a8ac780 )>",
    "<NSLayoutConstraint:0x13184f340 'assistantView.top' V:[_UIRemoteKeyboardPlaceholderView:0x10c3639c0]-(0)-[SystemInputAssistantView]   (active, names: SystemInputAssistantView:0x10a8ac780 )>"
)

Will attempt to recover by breaking constraint 
<NSLayoutConstraint:0x13184fa70 'assistantHeight' SystemInputAssistantView.height == 45   (active, names: SystemInputAssistantView:0x10a8ac780 )>

Make a symbolic breakpoint at UIViewAlertForUnsatisfiableConstraints to catch this in the debugger.
The methods in the UIConstraintBasedLayoutDebugging category on UIView listed in <UIKitCore/UIView.h> may also be helpful.
2025-08-03T18:04:13.792954Z  INFO elementx: Starting login with password using ServerConfirmation flow logic | LoginScreenViewModel.swift:243 | spans: root
2025-08-03T18:04:13.793862Z  INFO elementx: Authentication service reset before login attempt | LoginScreenViewModel.swift:248 | spans: root
2025-08-03T18:04:13.839200Z  INFO elementx: Configuring server for login: matrix.aibots.kz | LoginScreenViewModel.swift:308 | spans: root
2025-08-03T18:04:13.839304Z  INFO elementx: Starting server configuration for: matrix.aibots.kz | AuthenticationService.swift:46 | spans: root
2025-08-03T18:04:13.839374Z  INFO elementx: Creating client builder for: matrix.aibots.kz | AuthenticationService.swift:50 | spans: root
2025-08-03T18:04:13.841199Z  INFO elementx: Building client for: matrix.aibots.kz | AuthenticationService.swift:53 | spans: root
2025-08-03T18:04:13.841734Z DEBUG matrix_sdk::client::builder: Starting to build the Client | crates/matrix-sdk/src/client/builder/mod.rs:506 | spans: root > build
2025-08-03T18:04:14.101058Z DEBUG matrix_sdk::client::builder::homeserver_config: Trying to discover the homeserver | crates/matrix-sdk/src/client/builder/homeserver_config.rs:175 | spans: root > build{homeserver=ServerNameOrHomeserverUrl("matrix.aibots.kz")}
2025-08-03T18:04:14.101098Z DEBUG matrix_sdk::http_client::native: Sending request num_attempt=1 | crates/matrix-sdk/src/http_client/native.rs:78 | spans: root > build{homeserver=ServerNameOrHomeserverUrl("matrix.aibots.kz")} > send{request_id="REQ-0" method=GET uri="https://matrix.aibots.kz/.well-known/matrix/client"}
2025-08-03T18:04:14.152643Z DEBUG matrix_sdk::http_client: Got response | crates/matrix-sdk/src/http_client/mod.rs:214 | spans: root > build{homeserver=ServerNameOrHomeserverUrl("matrix.aibots.kz")} > send{request_id="REQ-0" method=GET uri="https://matrix.aibots.kz/.well-known/matrix/client" status=200 response_size="2.0k"}
2025-08-03T18:04:14.152662Z DEBUG matrix_sdk::client::builder::homeserver_config: Discovered the homeserver homeserver_url="https://matrix.aibots.kz" | crates/matrix-sdk/src/client/builder/homeserver_config.rs:197 | spans: root > build{homeserver=ServerNameOrHomeserverUrl("matrix.aibots.kz")}
2025-08-03T18:04:14.152689Z DEBUG matrix_sdk::http_client::native: Sending request num_attempt=1 | crates/matrix-sdk/src/http_client/native.rs:78 | spans: root > build{homeserver=ServerNameOrHomeserverUrl("matrix.aibots.kz")} > send{request_id="REQ-1" method=GET uri="https://matrix.aibots.kz/_matrix/client/versions"}
2025-08-03T18:04:14.171523Z DEBUG matrix_sdk::http_client: Got response | crates/matrix-sdk/src/http_client/mod.rs:214 | spans: root > build{homeserver=ServerNameOrHomeserverUrl("matrix.aibots.kz")} > send{request_id="REQ-1" method=GET uri="https://matrix.aibots.kz/_matrix/client/versions" status=200 response_size="1.1k"}
2025-08-03T18:04:14.171540Z  INFO matrix_sdk::client::builder: selected sliding sync version version=Native | crates/matrix-sdk/src/client/builder/mod.rs:557 | spans: root > build{homeserver=ServerNameOrHomeserverUrl("matrix.aibots.kz")}
2025-08-03T18:04:14.171569Z DEBUG matrix_sdk::client::builder: Done building the Client | crates/matrix-sdk/src/client/builder/mod.rs:610 | spans: root > build{homeserver=ServerNameOrHomeserverUrl("matrix.aibots.kz")}
2025-08-03T18:04:14.171649Z  INFO elementx: Getting homeserver login details for: matrix.aibots.kz | AuthenticationService.swift:56 | spans: root
2025-08-03T18:04:14.171737Z DEBUG matrix_sdk::http_client::native: Sending request num_attempt=1 | crates/matrix-sdk/src/http_client/native.rs:78 | spans: root > send{request_id="REQ-2" method=GET uri="https://matrix.aibots.kz/_matrix/client/versions"}
2025-08-03T18:04:14.183241Z DEBUG matrix_sdk::http_client: Got response | crates/matrix-sdk/src/http_client/mod.rs:214 | spans: root > send{request_id="REQ-2" method=GET uri="https://matrix.aibots.kz/_matrix/client/versions" status=200 response_size="1.1k"}
2025-08-03T18:04:14.183268Z DEBUG matrix_sdk::http_client::native: Sending request num_attempt=1 | crates/matrix-sdk/src/http_client/native.rs:78 | spans: root > send{request_id="REQ-3" method=GET uri="https://matrix.aibots.kz/.well-known/matrix/client"}
2025-08-03T18:04:14.193305Z DEBUG matrix_sdk::http_client: Got response | crates/matrix-sdk/src/http_client/mod.rs:214 | spans: root > send{request_id="REQ-3" method=GET uri="https://matrix.aibots.kz/.well-known/matrix/client" status=200 response_size="2.0k"}
2025-08-03T18:04:14.194659Z DEBUG matrix_sdk::http_client::native: Sending request num_attempt=1 | crates/matrix-sdk/src/http_client/native.rs:78 | spans: root > send{request_id="REQ-4" method=GET uri="https://matrix.aibots.kz/_matrix/client/unstable/org.matrix.msc2965/auth_metadata"}
2025-08-03T18:04:14.211101Z DEBUG matrix_sdk::http_client: Error while sending request: Api(Server(ClientApi(Error { status_code: 404, body: Standard { kind: Unrecognized, message: "Unrecognized request" } }))) | crates/matrix-sdk/src/http_client/mod.rs:218 | spans: root > send{request_id="REQ-4" method=GET uri="https://matrix.aibots.kz/_matrix/client/unstable/org.matrix.msc2965/auth_metadata" status=404 response_size="59B"}
2025-08-03T18:04:14.211123Z ERROR matrix_sdk_ffi::client: Failed to fetch OIDC provider metadata: OAuth 2.0 is not supported by the homeserver | bindings/matrix-sdk-ffi/src/client.rs:337 | spans: root
2025-08-03T18:04:14.211147Z DEBUG matrix_sdk::http_client::native: Sending request num_attempt=1 | crates/matrix-sdk/src/http_client/native.rs:78 | spans: root > send{request_id="REQ-5" method=GET uri="https://matrix.aibots.kz/_matrix/client/v3/login"}
2025-08-03T18:04:14.224843Z DEBUG matrix_sdk::http_client: Got response | crates/matrix-sdk/src/http_client/mod.rs:214 | spans: root > send{request_id="REQ-5" method=GET uri="https://matrix.aibots.kz/_matrix/client/v3/login" status=200 response_size="78B"}
2025-08-03T18:04:14.224950Z  INFO elementx: Sliding sync version: native | AuthenticationService.swift:59 | spans: root
2025-08-03T18:04:14.224985Z  INFO elementx: Supports OIDC login: false | AuthenticationService.swift:60 | spans: root
2025-08-03T18:04:14.225011Z  INFO elementx: Supports password login: true | AuthenticationService.swift:61 | spans: root
2025-08-03T18:04:14.225040Z  INFO elementx: Setting login mode to password | AuthenticationService.swift:67 | spans: root
2025-08-03T18:04:14.225066Z  INFO elementx: Storing client and sending homeserver update | AuthenticationService.swift:83 | spans: root
2025-08-03T18:04:14.225109Z  INFO elementx: Server configuration completed successfully for: matrix.aibots.kz | AuthenticationService.swift:87 | spans: root
2025-08-03T18:04:14.235343Z  INFO elementx: Server configuration successful | LoginScreenViewModel.swift:312 | spans: root
2025-08-03T18:04:14.235379Z  INFO elementx: Starting password authentication | LoginScreenViewModel.swift:272 | spans: root
2025-08-03T18:04:14.235868Z  INFO elementx: Starting login for username: testuser4, server: https://matrix.aibots.kz/ | AuthenticationService.swift:141 | spans: root
2025-08-03T18:04:14.235893Z  INFO elementx: Calling client.login with username: testuser4 | AuthenticationService.swift:144 | spans: root
2025-08-03T18:04:14.235935Z  INFO matrix_sdk::authentication::matrix::login_builder: Logging in homeserver="https://matrix.aibots.kz/" identifier=Some(UserIdOrLocalpart("testuser4")) | crates/matrix-sdk/src/authentication/matrix/login_builder.rs:177 | spans: root > login{method="identifier and password"}
2025-08-03T18:04:14.235983Z DEBUG matrix_sdk::http_client::native: Sending request num_attempt=1 | crates/matrix-sdk/src/http_client/native.rs:78 | spans: root > login{method="identifier and password"} > send{request_id="REQ-6" method=POST uri="https://matrix.aibots.kz/_matrix/client/v3/login" request_size="150B"}
2025-08-03T18:04:14.650332Z DEBUG matrix_sdk::http_client: Got response | crates/matrix-sdk/src/http_client/mod.rs:214 | spans: root > login{method="identifier and password"} > send{request_id="REQ-6" method=POST uri="https://matrix.aibots.kz/_matrix/client/v3/login" request_size="150B" status=200 response_size="232B"}
2025-08-03T18:04:14.662273Z DEBUG matrix_sdk_crypto::machine: Created a new Olm account | crates/matrix-sdk-crypto/src/machine/mod.rs:350 | spans: root > login{method="identifier and password"} > with_store{user_id="@testuser4:matrix.aibots.kz" device_id="XGKCUYHGWR" ed25519_key=HNdTqKVf2VRqm34twyMxPzxHfs/u0s7Awg/sDIvi318 curve25519_key=TXv+6aCt/HKqs7EE/IecnB+sUhimjkegMYEfSi6bd1o}
2025-08-03T18:04:14.662624Z DEBUG matrix_sdk_crypto::machine: Creating an empty cross signing identity stub | crates/matrix-sdk-crypto/src/machine/mod.rs:366 | spans: root > login{method="identifier and password"} > with_store{user_id="@testuser4:matrix.aibots.kz" device_id="XGKCUYHGWR" ed25519_key=HNdTqKVf2VRqm34twyMxPzxHfs/u0s7Awg/sDIvi318 curve25519_key=TXv+6aCt/HKqs7EE/IecnB+sUhimjkegMYEfSi6bd1o}
2025-08-03T18:04:14.664792Z  INFO elementx: client.login completed successfully | AuthenticationService.swift:146 | spans: root
2025-08-03T18:04:14.664965Z  INFO elementx: Creating user session for client | AuthenticationService.swift:155 | spans: root
2025-08-03T18:04:14.665057Z  INFO elementx: Creating user session for client with homeserver: https://matrix.aibots.kz/ | AuthenticationService.swift:221 | spans: root
2025-08-03T18:04:14.665899Z  INFO elementx: Checking if backup exists on the server | SecureBackupController.swift:193 | spans: root
2025-08-03T18:04:14.666029Z DEBUG matrix_sdk::http_client::native: Sending request num_attempt=1 | crates/matrix-sdk/src/http_client/native.rs:78 | spans: root > send{request_id="REQ-7" method=GET uri="https://matrix.aibots.kz/_matrix/client/v3/room_keys/version"}
2025-08-03T18:04:14.667120Z DEBUG matrix_sdk::http_client::native: Sending request num_attempt=1 | crates/matrix-sdk/src/http_client/native.rs:78 | spans: root > keys_query{request_id="65ec53fc439644eabb53fb29608a0667"} > send{request_id="REQ-8" method=POST uri="https://matrix.aibots.kz/_matrix/client/v3/keys/query" request_size="50B"}
2025-08-03T18:04:14.672934Z DEBUG matrix_sdk_crypto::machine: Initialising crypto store generation at 0 | crates/matrix-sdk-crypto/src/machine/mod.rs:2607 | spans: root
2025-08-03T18:04:14.677227Z  INFO elementx: AllRooms: Updating visible range: 0..<0 | RoomSummaryProvider.swift:145 | spans: root
2025-08-03T18:04:14.677430Z  INFO elementx: AlternateAllRooms: Updating visible range: 0..<0 | RoomSummaryProvider.swift:145 | spans: root
2025-08-03T18:04:14.677518Z  INFO elementx: StaticAllRooms: Updating visible range: 0..<0 | RoomSummaryProvider.swift:145 | spans: root
2025-08-03T18:04:14.682103Z  INFO elementx: Starting sync | ClientProxy.swift:361 | spans: root
2025-08-03T18:04:14.682952Z  INFO elementx: Received sync service update: running | ClientProxy.swift:936 | spans: root
2025-08-03T18:04:14.687961Z  INFO elementx: AllRooms: Received state update: notLoaded | RoomSummaryProvider.swift:102 | spans: root
2025-08-03T18:04:14.688768Z  INFO elementx: StaticAllRooms: Received state update: notLoaded | RoomSummaryProvider.swift:102 | spans: root
2025-08-03T18:04:14.691230Z  INFO elementx: AlternateAllRooms: Received state update: notLoaded | RoomSummaryProvider.swift:102 | spans: root
2025-08-03T18:04:14.693252Z  INFO matrix_sdk::sliding_sync: Marking all tracked users as dirty | crates/matrix-sdk/src/sliding_sync/mod.rs:438 | spans: root > next_sync_with_lock{store_generation=0} > sync_once{conn_id="encryption" }
2025-08-03T18:04:14.694058Z DEBUG matrix_sdk::http_client::native: Sending request num_attempt=1 | crates/matrix-sdk/src/http_client/native.rs:78 | spans: root > sync_once{conn_id="room-list" } > send{request_id="REQ-9" method=POST uri="https://matrix.aibots.kz/_matrix/client/unstable/org.matrix.simplified_msc3575/sync" request_size="674B"}
2025-08-03T18:04:14.696192Z DEBUG matrix_sdk::http_client::native: Sending request num_attempt=1 | crates/matrix-sdk/src/http_client/native.rs:78 | spans: root > next_sync_with_lock{store_generation=0} > sync_once{conn_id="encryption" } > send{request_id="REQ-10" method=POST uri="https://matrix.aibots.kz/_matrix/client/unstable/org.matrix.simplified_msc3575/sync" request_size="136B"}
2025-08-03T18:04:14.696745Z DEBUG matrix_sdk_crypto::session_manager::sessions: Collected user/device pairs that are missing an Olm session missing_session_devices_by_user={} timed_out_devices_by_user={} | crates/matrix-sdk-crypto/src/session_manager/sessions.rs:287 | spans: root > next_sync_with_lock{store_generation=0} > sync_once{conn_id="encryption" } > send_outgoing_requests > get_missing_sessions
2025-08-03T18:04:14.696819Z  INFO elementx: Recovery state changed to: unknown, setting local state to unknown | SecureBackupController.swift:79 | spans: root
2025-08-03T18:04:14.696902Z ERROR elementx: Failed retrieving session verification controller proxy with error: Generic(msg: "Failed retrieving user identity", details: Optional("Failed retrieving user identity\n\nStack backtrace:\n   0: std::backtrace::Backtrace::create\n   1: <async_compat::Compat<T> as core::future::future::Future>::poll\n   2: uniffi_core::ffi::rustcalls::rust_call_with_out_status\n   3: <uniffi_core::ffi::rustfuture::future::RustFuture<F,T,UT> as uniffi_core::ffi::rustfuture::future::RustFutureFfi<<T as uniffi_core::ffi_converter_traits::LowerReturn<UT>>::ReturnType>>::ffi_poll\n   4: _ffi_matrix_sdk_ffi_rust_future_poll_pointer\n   5: _$sSo015ffi_matrix_sdk_A25_rust_future_poll_pointeryys6UInt64V_yAC_s4Int8VtXCACtFTO\n   6: _$s13MatrixRustSDK06uniffiB9CallAsync33_D13DA838D267D18EF7DBCAF4C15FEA09LL14rustFutureFunc04pollQ008completeQ004freeQ004liftQ012errorHandlerq_s6UInt64VyXE_yAK_yAK_s4Int8VtXCAKtXExAK_SpySo0bE6StatusVGtXEyAKXEq_xKXEs5Error_pSo0B6BufferVKcSgtYaKr0_lFySccyAMs5NeverOGXEfU_\n   7: _$ss22withUnsafeContinuation9isolation_xScA_pSgYi_ySccyxs5NeverOGXEtYalFyBcXEfU_\n   8: _$ss22withUnsafeContinuation9isolation_xScA_pSgYi_ySccyxs5NeverOGXEtYalFTY0_\n   9: <unknown>\n  10: <unknown>\n  11: __dispatch_root_queue_drain\n  12: __dispatch_worker_thread2\n  13: <unknown>")) | ClientProxy.swift:916 | spans: root
2025-08-03T18:04:14.700165Z  INFO elementx: Key backup state changed to: unknown, setting local state to unknown | SecureBackupController.swift:58 | spans: root
2025-08-03T18:04:14.700299Z  INFO elementx: Checking if backup exists on the server | SecureBackupController.swift:193 | spans: root
2025-08-03T18:04:14.700342Z DEBUG matrix_sdk::http_client::native: Sending request num_attempt=1 | crates/matrix-sdk/src/http_client/native.rs:78 | spans: root > send{request_id="REQ-11" method=GET uri="https://matrix.aibots.kz/_matrix/client/v3/room_keys/version"}
2025-08-03T18:04:14.701053Z ERROR elementx: Failed retrieving session verification controller proxy with error: Generic(msg: "Failed retrieving user identity", details: Optional("Failed retrieving user identity\n\nStack backtrace:\n   0: std::backtrace::Backtrace::create\n   1: <async_compat::Compat<T> as core::future::future::Future>::poll\n   2: uniffi_core::ffi::rustcalls::rust_call_with_out_status\n   3: <uniffi_core::ffi::rustfuture::future::RustFuture<F,T,UT> as uniffi_core::ffi::rustfuture::future::RustFutureFfi<<T as uniffi_core::ffi_converter_traits::LowerReturn<UT>>::ReturnType>>::ffi_poll\n   4: _ffi_matrix_sdk_ffi_rust_future_poll_pointer\n   5: _$sSo015ffi_matrix_sdk_A25_rust_future_poll_pointeryys6UInt64V_yAC_s4Int8VtXCACtFTO\n   6: _$s13MatrixRustSDK06uniffiB9CallAsync33_D13DA838D267D18EF7DBCAF4C15FEA09LL14rustFutureFunc04pollQ008completeQ004freeQ004liftQ012errorHandlerq_s6UInt64VyXE_yAK_yAK_s4Int8VtXCAKtXExAK_SpySo0bE6StatusVGtXEyAKXEq_xKXEs5Error_pSo0B6BufferVKcSgtYaKr0_lFySccyAMs5NeverOGXEfU_\n   7: _$ss22withUnsafeContinuation9isolation_xScA_pSgYi_ySccyxs5NeverOGXEtYalFyBcXEfU_\n   8: _$ss22withUnsafeContinuation9isolation_xScA_pSgYi_ySccyxs5NeverOGXEtYalFTY0_\n   9: <unknown>\n  10: <unknown>\n  11: __dispatch_root_queue_drain\n  12: __dispatch_worker_thread2\n  13: <unknown>")) | ClientProxy.swift:916 | spans: root
2025-08-03T18:04:14.701112Z DEBUG matrix_sdk::http_client: Got response | crates/matrix-sdk/src/http_client/mod.rs:214 | spans: root > send{request_id="REQ-7" method=GET uri="https://matrix.aibots.kz/_matrix/client/v3/room_keys/version" status=200 response_size="319B"}
2025-08-03T18:04:14.703023Z DEBUG matrix_sdk_crypto::identities::manager: Created a /keys/query request request_id="a6c0ee3b5d204f7cbfdacce7702105fb" users=["@testuser4:matrix.aibots.kz"] | crates/matrix-sdk-crypto/src/identities/manager.rs:877 | spans: root > next_sync_with_lock{store_generation=0} > sync_once{conn_id="encryption" } > send_outgoing_requests
2025-08-03T18:04:14.703207Z DEBUG matrix_sdk::http_client::native: Sending request num_attempt=1 | crates/matrix-sdk/src/http_client/native.rs:78 | spans: root > next_sync_with_lock{store_generation=0} > sync_once{conn_id="encryption" } > send_outgoing_requests > keys_upload{request_id="ec0975de1bfa4a3a85b0933ce780d4d1"} > send{request_id="REQ-12" method=POST uri="https://matrix.aibots.kz/_matrix/client/v3/keys/upload" request_size="12.6k"}
2025-08-03T18:04:14.703279Z DEBUG matrix_sdk::http_client::native: Sending request num_attempt=1 | crates/matrix-sdk/src/http_client/native.rs:78 | spans: root > next_sync_with_lock{store_generation=0} > sync_once{conn_id="encryption" } > send_outgoing_requests > keys_query{request_id="a6c0ee3b5d204f7cbfdacce7702105fb"} > send{request_id="REQ-13" method=POST uri="https://matrix.aibots.kz/_matrix/client/v3/keys/query" request_size="50B"}
2025-08-03T18:04:14.714903Z  INFO elementx: Set up session for user @testuser4:matrix.aibots.kz at: Data: /private/var/mobile/Containers/Shared/AppGroup/D8D7DFD7-FCB8-42D4-8097-A768E27F0E93/Library/Application Support/io.sergeyshmagin.kdbchat/Sessions/FD514DF0-8CF4-4149-8950-2EABD054B008 Caches: /private/var/mobile/Containers/Shared/AppGroup/D8D7DFD7-FCB8-42D4-8097-A768E27F0E93/Library/Caches/io.sergeyshmagin.kdbchat/Sessions/FD514DF0-8CF4-4149-8950-2EABD054B008 | UserSessionStore.swift:76 | spans: root
2025-08-03T18:04:14.720688Z  INFO elementx: Session security state changed, verificationState: unverified, recoveryState: unknown | UserSession.swift:47 | spans: root
2025-08-03T18:04:14.720748Z  INFO elementx: Successfully created user session with user ID: @testuser4:matrix.aibots.kz | AuthenticationService.swift:226 | spans: root
2025-08-03T18:04:14.720771Z  INFO elementx: User session created successfully for: @testuser4:matrix.aibots.kz | AuthenticationService.swift:159 | spans: root
2025-08-03T18:04:14.720810Z  INFO elementx: Authentication service login completed | LoginScreenViewModel.swift:280 | spans: root
2025-08-03T18:04:14.720829Z  INFO elementx: Login successful, sending signedIn action | LoginScreenViewModel.swift:284 | spans: root
2025-08-03T18:04:14.720848Z  INFO elementx: LoginScreenCoordinator received signedIn action, forwarding to AuthenticationFlowCoordinator | LoginScreenCoordinator.swift:58 | spans: root
2025-08-03T18:04:14.720916Z  INFO elementx: AuthenticationFlowCoordinator received .signedIn event from state: startScreen | AuthenticationFlowCoordinator.swift:247 | spans: root
2025-08-03T18:04:14.722707Z  INFO elementx: Calling userHasSignedIn for user: @testuser4:matrix.aibots.kz | AuthenticationFlowCoordinator.swift:252 | spans: root
2025-08-03T18:04:14.722730Z  INFO elementx: AuthenticationFlowCoordinator userHasSignedIn called, notifying delegate | AuthenticationFlowCoordinator.swift:467 | spans: root
2025-08-03T18:04:14.722753Z  INFO elementx: AuthenticationFlowCoordinator didLoginWithSession called for user: @testuser4:matrix.aibots.kz | AppCoordinator.swift:436 | spans: root
2025-08-03T18:04:14.722778Z  INFO elementx: LiveKit auth service configured with user session | LiveKitAuthService.swift:56 | spans: root
2025-08-03T18:04:14.722858Z  INFO elementx: Configuring LiveKit services with user session (isNewLogin: false) | AppCoordinator.swift:986 | spans: root
2025-08-03T18:04:14.722878Z  INFO elementx: LiveKit auth service configured with user session | LiveKitAuthService.swift:56 | spans: root
2025-08-03T18:04:14.722897Z  INFO elementx: LiveKitCallKitService configured with client proxy | LiveKitCallKitService.swift:95 | spans: root
2025-08-03T18:04:14.722920Z  INFO elementx: Setting up Matrix call event listener for LiveKit | AppCoordinator.swift:1002 | spans: root
2025-08-03T18:04:14.722946Z  INFO elementx: Matrix call event listener configured | AppCoordinator.swift:1018 | spans: root
2025-08-03T18:04:14.722971Z  INFO elementx: 🔄 CRITICAL FIX: Skipping auto-registration - userSession: Available, token: Nil | NotificationManager.swift:161 | spans: root
2025-08-03T18:04:14.723330Z  INFO elementx: Starting sync | ClientProxy.swift:361 | spans: root
2025-08-03T18:04:14.723413Z  INFO elementx: Processing .createdUserSession event | AppCoordinator.swift:439 | spans: root
2025-08-03T18:04:14.723470Z  INFO elementx: Transitioning from `signedOut` to `signedIn` with event `createdUserSession` | AppCoordinatorStateMachine.swift:92 | spans: root
2025-08-03T18:04:14.723493Z  INFO elementx: Setting up user session, isNewLogin: true | AppCoordinator.swift:797 | spans: root
2025-08-03T18:04:14.723513Z  INFO elementx: Creating UserSessionFlowCoordinator for user: @testuser4:matrix.aibots.kz | AppCoordinator.swift:808 | spans: root
2025-08-03T18:04:14.723746Z  INFO elementx: NavigationSplitCoordinator(NavigationStackCoordinator(Empty) | Empty) Set sidebar: NavigationStackCoordinator(Empty) | NavigationCoordinators.swift:386 | spans: root
2025-08-03T18:04:14.728253Z  INFO elementx: Starting auto recovery key system setup | UserSessionFlowCoordinator.swift:633 | spans: root
OSStatus error:[-34018] Internal error when a required entitlement isn't present, client has neither application-identifier nor keychain-access-groups entitlements.
2025-08-03T18:04:14.729405Z DEBUG matrix_sdk::http_client: Got response | crates/matrix-sdk/src/http_client/mod.rs:214 | spans: root > keys_query{request_id="65ec53fc439644eabb53fb29608a0667"} > send{request_id="REQ-8" method=POST uri="https://matrix.aibots.kz/_matrix/client/v3/keys/query" request_size="50B" status=200 response_size="1.4k"}
2025-08-03T18:04:14.729438Z DEBUG matrix_sdk_crypto::identities::manager: Handling a `/keys/query` response request_id="65ec53fc439644eabb53fb29608a0667" users={"@testuser4:matrix.aibots.kz"} failures={} | crates/matrix-sdk-crypto/src/identities/manager.rs:135 | spans: root > keys_query{request_id="65ec53fc439644eabb53fb29608a0667"}
2025-08-03T18:04:14.729997Z  WARN matrix_sdk_crypto::identities::manager: Our own device might have been deleted user_id="@testuser4:matrix.aibots.kz" device_id="XGKCUYHGWR" curve25519_key="curve25519:TXv+6aCt/HKqs7EE/IecnB+sUhimjkegMYEfSi6bd1o" ed25519_key="ed25519:HNdTqKVf2VRqm34twyMxPzxHfs/u0s7Awg/sDIvi318" | crates/matrix-sdk-crypto/src/identities/manager.rs:352 | spans: root
2025-08-03T18:04:14.730794Z ERROR elementx: Failed to check SSSS key existence: Internal error when a required entitlement isn't present, client has neither application-identifier nor keychain-access-groups entitlements. | KeychainController.swift:251 | spans: root
2025-08-03T18:04:14.730818Z  INFO elementx: No existing recovery key found in keychain, creating new one | UserSessionFlowCoordinator.swift:670 | spans: root
2025-08-03T18:04:14.730839Z  INFO elementx: UserSessionFlowCoordinator created successfully | AppCoordinator.swift:841 | spans: root
2025-08-03T18:04:14.731791Z  INFO elementx: Starting UserSessionFlowCoordinator | AppCoordinator.swift:869 | spans: root
2025-08-03T18:04:14.731804Z DEBUG matrix_sdk_crypto::store::crypto_store_wrapper: Stored our own identity master_key=Some("ed25519:8GG8KTGQVD2s7mC7O37eq1glQcSotN+euxl5RHPBDTQ") user_signing_key=Some("ed25519:Wg1vJ7Sa+AQUdZRzYaPdJO1NmcgaSUbz5w1L+n224Gs") self_signing_key=Some("ed25519:lpuFlkKJ/coy6/iQQj/eSbNytUwXYmzx4EGINW2PRm0") previously_verified=false verified=false | crates/matrix-sdk-crypto/src/store/crypto_store_wrapper.rs:149 | spans: root > keys_query{request_id="65ec53fc439644eabb53fb29608a0667"}
2025-08-03T18:04:14.731822Z  INFO elementx: AuthenticationFlowCoordinator delegate notification completed | AuthenticationFlowCoordinator.swift:469 | spans: root
2025-08-03T18:04:14.731860Z  INFO elementx: Transitioning from `startScreen` to `complete` with event `Optional(ElementX.AuthenticationFlowCoordinator.Event.signedIn)`. | AuthenticationFlowCoordinator.swift:259 | spans: root
2025-08-03T18:04:14.731974Z DEBUG matrix_sdk_crypto::identities::manager: Finished handling of the `/keys/query` response request_id="65ec53fc439644eabb53fb29608a0667" new_devices={} changed_devices={} deleted_devices={} new_identities={"@testuser4:matrix.aibots.kz"} changed_identities={} | crates/matrix-sdk-crypto/src/identities/manager.rs:1205 | spans: root > keys_query{request_id="65ec53fc439644eabb53fb29608a0667"}
2025-08-03T18:04:14.732013Z DEBUG matrix_sdk::http_client::native: Sending request num_attempt=1 | crates/matrix-sdk/src/http_client/native.rs:78 | spans: root > keys_query{request_id="65ec53fc439644eabb53fb29608a0667"} > update_state_after_keys_query > send{request_id="REQ-14" method=GET uri="https://matrix.aibots.kz/_matrix/client/v3/user/@testuser4:matrix.aibots.kz/account_data/m.secret_storage.default_key"}
2025-08-03T18:04:14.741871Z  INFO elementx: Attempting to start onboarding | UserSessionFlowCoordinator.swift:332 | spans: root
2025-08-03T18:04:14.741953Z  INFO elementx: Onboarding is not required, skipping - ensuring home screen is shown | UserSessionFlowCoordinator.swift:338 | spans: root
2025-08-03T18:04:14.741968Z  INFO elementx: Home screen not yet presented, ensuring it's shown | UserSessionFlowCoordinator.swift:340 | spans: root
2025-08-03T18:04:14.741982Z  INFO elementx: presentHomeScreen() called - creating HomeScreenCoordinator | UserSessionFlowCoordinator.swift:859 | spans: root
2025-08-03T18:04:14.742184Z DEBUG matrix_sdk::http_client: Got response | crates/matrix-sdk/src/http_client/mod.rs:214 | spans: root > sync_once{conn_id="room-list" } > send{request_id="REQ-9" method=POST uri="https://matrix.aibots.kz/_matrix/client/unstable/org.matrix.simplified_msc3575/sync" request_size="674B" status=200 response_size="4.7k"}
2025-08-03T18:04:14.743052Z  INFO elementx: Notification sound enabled: true | NotificationManager.swift:131 | spans: root
2025-08-03T18:04:14.743103Z  INFO elementx: 🔔 NOTIFICATION PERMISSIONS DIAGNOSTIC: | NotificationManager.swift:134 | spans: root
2025-08-03T18:04:14.743209Z  INFO elementx: 📱 Authorization Status: 2 (UNAuthorizationStatus(rawValue: 2)) | NotificationManager.swift:135 | spans: root
2025-08-03T18:04:14.743256Z  INFO elementx: 🎵 Sound Setting: 2 | NotificationManager.swift:136 | spans: root
2025-08-03T18:04:14.743294Z  INFO elementx: 🚨 Alert Setting: 2 | NotificationManager.swift:137 | spans: root
2025-08-03T18:04:14.743333Z  INFO elementx: 🔴 Badge Setting: 2 | NotificationManager.swift:138 | spans: root
2025-08-03T18:04:14.743368Z  INFO elementx: 📢 Notification Center Setting: 2 | NotificationManager.swift:139 | spans: root
2025-08-03T18:04:14.743403Z  INFO elementx: 🔒 Lock Screen Setting: 2 | NotificationManager.swift:140 | spans: root
2025-08-03T18:04:14.743501Z  INFO elementx: ⚙️ App enableNotifications: true | NotificationManager.swift:141 | spans: root
2025-08-03T18:04:14.743589Z  INFO elementx: 🎯 App hideUnreadMessagesBadge: false | NotificationManager.swift:142 | spans: root
2025-08-03T18:04:14.746786Z  INFO elementx: Received room list update: settingUp | ClientProxy.swift:974 | spans: root
2025-08-03T18:04:14.749746Z DEBUG matrix_sdk::http_client::native: Sending request num_attempt=1 | crates/matrix-sdk/src/http_client/native.rs:78 | spans: root > send{request_id="REQ-15" method=GET uri="https://matrix.aibots.kz/_matrix/client/v3/user/@testuser4:matrix.aibots.kz/account_data/m.ignored_user_list"}
2025-08-03T18:04:14.751640Z DEBUG matrix_sdk::http_client: Got response | crates/matrix-sdk/src/http_client/mod.rs:214 | spans: root > next_sync_with_lock{store_generation=0} > sync_once{conn_id="encryption" } > send{request_id="REQ-10" method=POST uri="https://matrix.aibots.kz/_matrix/client/unstable/org.matrix.simplified_msc3575/sync" request_size="136B" status=200 response_size="215B"}
2025-08-03T18:04:14.751854Z  INFO elementx: HomeScreenCoordinator created successfully | UserSessionFlowCoordinator.swift:869 | spans: root
2025-08-03T18:04:14.752781Z  INFO elementx: Setting HomeScreenCoordinator as root coordinator | UserSessionFlowCoordinator.swift:911 | spans: root
2025-08-03T18:04:14.752853Z  INFO elementx: NavigationStackCoordinator(ElementX.HomeScreenCoordinator) Set root: ElementX.HomeScreenCoordinator | NavigationCoordinators.swift:759 | spans: root
2025-08-03T18:04:14.752872Z  INFO elementx: Setting navigationSplitCoordinator as root coordinator in navigationRootCoordinator | UserSessionFlowCoordinator.swift:914 | spans: root
2025-08-03T18:04:14.755220Z  INFO elementx: AllRooms: Received state update: loaded(maximumNumberOfRooms: Optional(0)) | RoomSummaryProvider.swift:102 | spans: root
2025-08-03T18:04:14.755651Z  INFO elementx: NavigationRootCoordinator(NavigationSplitCoordinator(NavigationStackCoordinator(ElementX.HomeScreenCoordinator) | Empty) Set root: NavigationSplitCoordinator(NavigationStackCoordinator(ElementX.HomeScreenCoordinator) | Empty) | NavigationRootCoordinator.swift:149 | spans: root
2025-08-03T18:04:14.755675Z  INFO elementx: Home screen setup completed successfully | UserSessionFlowCoordinator.swift:916 | spans: root
2025-08-03T18:04:14.755707Z  INFO elementx: Starting UserSessionFlowCoordinator on main thread | AppCoordinator.swift:875 | spans: root
2025-08-03T18:04:14.755801Z  INFO elementx: Starting SAFE auto recovery setup for user: @testuser4:matrix.aibots.kz | ClientProxy.swift:1214 | spans: root
2025-08-03T18:04:14.755812Z  INFO elementx: Transitioning from `initial` to `roomList(roomListSelectedRoomID: nil)` with event `start` | UserSessionFlowCoordinatorStateMachine.swift:227 | spans: root
2025-08-03T18:04:14.755833Z  INFO elementx: State machine transition: .initial -> .start -> .roomList | UserSessionFlowCoordinator.swift:365 | spans: root
2025-08-03T18:04:14.755844Z  INFO elementx: Onboarding already attempted, skipping | UserSessionFlowCoordinator.swift:327 | spans: root
2025-08-03T18:04:14.755887Z  INFO elementx: UserSessionFlowCoordinator started and assigned | AppCoordinator.swift:880 | spans: root
2025-08-03T18:04:14.756841Z  INFO elementx: AlternateAllRooms: Received state update: loaded(maximumNumberOfRooms: Optional(0)) | RoomSummaryProvider.swift:102 | spans: root
2025-08-03T18:04:14.757241Z  INFO elementx: StaticAllRooms: Received state update: loaded(maximumNumberOfRooms: Optional(0)) | RoomSummaryProvider.swift:102 | spans: root
2025-08-03T18:04:14.757392Z DEBUG matrix_sdk::http_client::native: Sending request num_attempt=1 | crates/matrix-sdk/src/http_client/native.rs:78 | spans: root > sync_once{conn_id="room-list" pos="0/s611_17296_0_366_597_6_11_886_0_1"} > send{request_id="REQ-16" method=POST uri="https://matrix.aibots.kz/_matrix/client/unstable/org.matrix.simplified_msc3575/sync" request_size="673B"}
2025-08-03T18:04:14.768778Z DEBUG matrix_sdk::http_client: Got response | crates/matrix-sdk/src/http_client/mod.rs:214 | spans: root > send{request_id="REQ-11" method=GET uri="https://matrix.aibots.kz/_matrix/client/v3/room_keys/version" status=200 response_size="319B"}
2025-08-03T18:04:14.768814Z DEBUG matrix_sdk::http_client: Got response | crates/matrix-sdk/src/http_client/mod.rs:214 | spans: root > next_sync_with_lock{store_generation=0} > sync_once{conn_id="encryption" } > send_outgoing_requests > keys_query{request_id="a6c0ee3b5d204f7cbfdacce7702105fb"} > send{request_id="REQ-13" method=POST uri="https://matrix.aibots.kz/_matrix/client/v3/keys/query" request_size="50B" status=200 response_size="1.4k"}
2025-08-03T18:04:14.768852Z DEBUG matrix_sdk_crypto::identities::manager: Handling a `/keys/query` response request_id="a6c0ee3b5d204f7cbfdacce7702105fb" users={"@testuser4:matrix.aibots.kz"} failures={} | crates/matrix-sdk-crypto/src/identities/manager.rs:135 | spans: root > next_sync_with_lock{store_generation=0} > sync_once{conn_id="encryption" } > send_outgoing_requests > keys_query{request_id="a6c0ee3b5d204f7cbfdacce7702105fb"}
2025-08-03T18:04:14.769133Z  WARN matrix_sdk_crypto::identities::manager: Our own device might have been deleted user_id="@testuser4:matrix.aibots.kz" device_id="XGKCUYHGWR" curve25519_key="curve25519:TXv+6aCt/HKqs7EE/IecnB+sUhimjkegMYEfSi6bd1o" ed25519_key="ed25519:HNdTqKVf2VRqm34twyMxPzxHfs/u0s7Awg/sDIvi318" | crates/matrix-sdk-crypto/src/identities/manager.rs:352 | spans: root
2025-08-03T18:04:14.770044Z DEBUG matrix_sdk_crypto::identities::manager: Finished handling of the `/keys/query` response request_id="a6c0ee3b5d204f7cbfdacce7702105fb" new_devices={} changed_devices={} deleted_devices={} new_identities={} changed_identities={} | crates/matrix-sdk-crypto/src/identities/manager.rs:1205 | spans: root > next_sync_with_lock{store_generation=0} > sync_once{conn_id="encryption" } > send_outgoing_requests > keys_query{request_id="a6c0ee3b5d204f7cbfdacce7702105fb"}
2025-08-03T18:04:14.770083Z DEBUG matrix_sdk::http_client::native: Sending request num_attempt=1 | crates/matrix-sdk/src/http_client/native.rs:78 | spans: root > next_sync_with_lock{store_generation=0} > sync_once{conn_id="encryption" } > send_outgoing_requests > keys_query{request_id="a6c0ee3b5d204f7cbfdacce7702105fb"} > update_state_after_keys_query > send{request_id="REQ-17" method=GET uri="https://matrix.aibots.kz/_matrix/client/v3/user/@testuser4:matrix.aibots.kz/account_data/m.secret_storage.default_key"}
2025-08-03T18:04:14.773730Z DEBUG matrix_sdk::http_client: Got response | crates/matrix-sdk/src/http_client/mod.rs:214 | spans: root > keys_query{request_id="65ec53fc439644eabb53fb29608a0667"} > update_state_after_keys_query > send{request_id="REQ-14" method=GET uri="https://matrix.aibots.kz/_matrix/client/v3/user/@testuser4:matrix.aibots.kz/account_data/m.secret_storage.default_key" status=200 response_size="42B"}
2025-08-03T18:04:14.773753Z  INFO matrix_sdk::encryption::recovery: Recovery state changed from Unknown to Incomplete | crates/matrix-sdk/src/encryption/recovery/mod.rs:629 | spans: root > keys_query{request_id="65ec53fc439644eabb53fb29608a0667"} > update_state_after_keys_query
2025-08-03T18:04:14.773826Z  INFO elementx: Session security state changed, verificationState: unverified, recoveryState: incomplete | UserSession.swift:47 | spans: root
2025-08-03T18:04:14.773857Z  INFO elementx: Recovery state changed to: incomplete, setting local state to incomplete | SecureBackupController.swift:79 | spans: root
2025-08-03T18:04:14.774361Z  INFO matrix_sdk::encryption::backups: Setting up secret listeners and trying to resume backups | crates/matrix-sdk/src/encryption/backups/mod.rs:757 | spans: root
2025-08-03T18:04:14.774478Z  INFO matrix_sdk::encryption::recovery: Setting up account data listeners and trying to setup recovery | crates/matrix-sdk/src/encryption/recovery/mod.rs:548 | spans: root
2025-08-03T18:04:14.774502Z DEBUG matrix_sdk::http_client::native: Sending request num_attempt=1 | crates/matrix-sdk/src/http_client/native.rs:78 | spans: root > send{request_id="REQ-18" method=GET uri="https://matrix.aibots.kz/_matrix/client/v3/user/@testuser4:matrix.aibots.kz/account_data/m.secret_storage.default_key"}
2025-08-03T18:04:14.774618Z  INFO elementx: Session security state changed, verificationState: unverified, recoveryState: incomplete | UserSession.swift:47 | spans: root
2025-08-03T18:04:14.774623Z DEBUG matrix_sdk::http_client::native: Sending request num_attempt=1 | crates/matrix-sdk/src/http_client/native.rs:78 | spans: root > send{request_id="REQ-19" method=GET uri="https://matrix.aibots.kz/_matrix/client/v3/user/@testuser4:matrix.aibots.kz/account_data/m.secret_storage.default_key"}
2025-08-03T18:04:14.779429Z DEBUG matrix_sdk::http_client: Error while sending request: Api(Server(ClientApi(Error { status_code: 404, body: Standard { kind: NotFound, message: "Account data not found" } }))) | crates/matrix-sdk/src/http_client/mod.rs:218 | spans: root > send{request_id="REQ-15" method=GET uri="https://matrix.aibots.kz/_matrix/client/v3/user/@testuser4:matrix.aibots.kz/account_data/m.ignored_user_list" status=404 response_size="58B"}
2025-08-03T18:04:14.781073Z  INFO elementx: [AppDelegate] 🎯 ===== DEVICE TOKEN RECEIVED ===== | AppDelegate.swift:42 | spans: root
2025-08-03T18:04:14.781093Z  INFO elementx: [AppDelegate] 📦 Bundle ID: io.sergeyshmagin.kdbchat | AppDelegate.swift:43 | spans: root
2025-08-03T18:04:14.781105Z  INFO elementx: [AppDelegate] 🔑 Device Token (HEX): 6cff2606600ef2a006ee2d373a5449ce069791a74918f50cf7ae92dff71767dd | AppDelegate.swift:44 | spans: root
2025-08-03T18:04:14.781119Z  INFO elementx: [AppDelegate] 🔑 Device Token (Base64): bP8mBmAO8qAG7i03OlRJzgaXkadJGPUM966S3/cXZ90= | AppDelegate.swift:45 | spans: root
2025-08-03T18:04:14.781131Z  INFO elementx: [AppDelegate] 🔑 Token Length (HEX): 64 chars | AppDelegate.swift:46 | spans: root
2025-08-03T18:04:14.781147Z  INFO elementx: [AppDelegate] 🔑 Token Length (Base64): 44 chars | AppDelegate.swift:47 | spans: root
2025-08-03T18:04:14.781169Z  INFO elementx: [AppDelegate] 📱 Device: iPhone (iOS 18.5) | AppDelegate.swift:48 | spans: root
2025-08-03T18:04:14.781202Z  INFO elementx: [AppDelegate] 🏗️ Build Config: 15 | AppDelegate.swift:49 | spans: root
2025-08-03T18:04:14.781213Z  INFO elementx: [AppDelegate] ========================================== | AppDelegate.swift:50 | spans: root
2025-08-03T18:04:14.782129Z DEBUG matrix_sdk::http_client: Got response | crates/matrix-sdk/src/http_client/mod.rs:214 | spans: root > sync_once{conn_id="room-list" pos="0/s611_17296_0_366_597_6_11_886_0_1"} > send{request_id="REQ-16" method=POST uri="https://matrix.aibots.kz/_matrix/client/unstable/org.matrix.simplified_msc3575/sync" request_size="673B" status=200 response_size="241B"}
2025-08-03T18:04:14.782863Z  INFO elementx: Received room list update: running | ClientProxy.swift:974 | spans: root
2025-08-03T18:04:14.782952Z DEBUG matrix_sdk::http_client::native: Sending request num_attempt=1 | crates/matrix-sdk/src/http_client/native.rs:78 | spans: root > sync_once{conn_id="room-list" pos="0/s611_17296_0_366_597_6_11_886_0_1"} > send{request_id="REQ-20" method=POST uri="https://matrix.aibots.kz/_matrix/client/unstable/org.matrix.simplified_msc3575/sync" request_size="673B"}
2025-08-03T18:04:14.785110Z  INFO elementx: Received room summary provider update, setting view room list mode to "Showing empty state" | HomeScreenViewModel.swift:299 | spans: root
2025-08-03T18:04:14.785149Z  INFO elementx: Backup state changed - Recovery: incomplete, KeyBackup: unknown | AutoRecoveryKeyService.swift:1326 | spans: root
2025-08-03T18:04:14.785163Z  INFO elementx: Auto recovery observers set up successfully | AutoRecoveryKeyService.swift:1321 | spans: root
2025-08-03T18:04:14.785179Z  INFO elementx: [AutoRecovery] ✅ Starting CRITICAL post-login recovery check | AutoRecoveryKeyService.swift:213 | spans: root
2025-08-03T18:04:14.785192Z  INFO elementx: [AutoRecovery] This check determines if automatic recovery will work or if manual input is needed | AutoRecoveryKeyService.swift:213 | spans: root
2025-08-03T18:04:14.788319Z DEBUG matrix_sdk::http_client: Got response | crates/matrix-sdk/src/http_client/mod.rs:214 | spans: root > next_sync_with_lock{store_generation=0} > sync_once{conn_id="encryption" } > send_outgoing_requests > keys_query{request_id="a6c0ee3b5d204f7cbfdacce7702105fb"} > update_state_after_keys_query > send{request_id="REQ-17" method=GET uri="https://matrix.aibots.kz/_matrix/client/v3/user/@testuser4:matrix.aibots.kz/account_data/m.secret_storage.default_key" status=200 response_size="42B"}
2025-08-03T18:04:14.788362Z  INFO elementx: Session security state changed, verificationState: unverified, recoveryState: incomplete | UserSession.swift:47 | spans: root
2025-08-03T18:04:14.788383Z  INFO elementx: Backup state changed - Recovery: incomplete, KeyBackup: unknown | AutoRecoveryKeyService.swift:1326 | spans: root
2025-08-03T18:04:14.788401Z  INFO elementx: Recovery state changed to: incomplete, setting local state to incomplete | SecureBackupController.swift:79 | spans: root
2025-08-03T18:04:14.788665Z  INFO elementx: Session security state changed, verificationState: unverified, recoveryState: incomplete | UserSession.swift:47 | spans: root
2025-08-03T18:04:14.791030Z DEBUG matrix_sdk::http_client: Got response | crates/matrix-sdk/src/http_client/mod.rs:214 | spans: root > send{request_id="REQ-18" method=GET uri="https://matrix.aibots.kz/_matrix/client/v3/user/@testuser4:matrix.aibots.kz/account_data/m.secret_storage.default_key" status=200 response_size="42B"}
2025-08-03T18:04:14.791086Z DEBUG matrix_sdk::http_client::native: Sending request num_attempt=1 | crates/matrix-sdk/src/http_client/native.rs:78 | spans: root > send{request_id="REQ-21" method=GET uri="https://matrix.aibots.kz/_matrix/client/v3/room_keys/version"}
2025-08-03T18:04:14.791169Z  INFO elementx: Session security state changed, verificationState: unverified, recoveryState: incomplete | UserSession.swift:47 | spans: root
2025-08-03T18:04:14.791195Z  INFO elementx: Backup state changed - Recovery: incomplete, KeyBackup: unknown | AutoRecoveryKeyService.swift:1326 | spans: root
2025-08-03T18:04:14.791211Z  INFO elementx: Recovery state changed to: incomplete, setting local state to incomplete | SecureBackupController.swift:79 | spans: root
2025-08-03T18:04:14.792401Z DEBUG matrix_sdk::http_client: Got response | crates/matrix-sdk/src/http_client/mod.rs:214 | spans: root > send{request_id="REQ-19" method=GET uri="https://matrix.aibots.kz/_matrix/client/v3/user/@testuser4:matrix.aibots.kz/account_data/m.secret_storage.default_key" status=200 response_size="42B"}
2025-08-03T18:04:14.792427Z  INFO elementx: Session security state changed, verificationState: unverified, recoveryState: incomplete | UserSession.swift:47 | spans: root
2025-08-03T18:04:14.792444Z  INFO elementx: Backup state changed - Recovery: incomplete, KeyBackup: unknown | AutoRecoveryKeyService.swift:1326 | spans: root
2025-08-03T18:04:14.792458Z  INFO elementx: Recovery state changed to: incomplete, setting local state to incomplete | SecureBackupController.swift:79 | spans: root
2025-08-03T18:04:14.797609Z  INFO elementx: [AutoRecovery] Starting SAFE auto recovery setup using Matrix unified Recovery API | AutoRecoveryKeyService.swift:213 | spans: root
2025-08-03T18:04:14.801211Z  INFO elementx: [AutoRecovery] Recovery state changed from notSetup to setupInProgress in context: performSafeSetupInternal | AutoRecoveryKeyService.swift:213 | spans: root
2025-08-03T18:04:14.803785Z  INFO elementx: [AutoRecovery] Recovery state changed from setupInProgress to validating in context: checking recovery state | AutoRecoveryKeyService.swift:213 | spans: root
2025-08-03T18:04:14.803806Z  INFO elementx: [AutoRecovery] Current recovery state: incomplete | AutoRecoveryKeyService.swift:213 | spans: root
2025-08-03T18:04:14.803819Z  WARN elementx: [AutoRecovery] ⚠️ CRITICAL: Recovery setup is incomplete | AutoRecoveryKeyService.swift:215 | spans: root
2025-08-03T18:04:14.803832Z  INFO elementx: [AutoRecovery] This means recovery was previously set up but is not fully functional | AutoRecoveryKeyService.swift:213 | spans: root
2025-08-03T18:04:14.803844Z  INFO elementx: [AutoRecovery] This is the ROOT CAUSE of the 'Key storage not synchronized' message | AutoRecoveryKeyService.swift:213 | spans: root
2025-08-03T18:04:14.806789Z DEBUG matrix_sdk::http_client: Got response | crates/matrix-sdk/src/http_client/mod.rs:214 | spans: root > send{request_id="REQ-21" method=GET uri="https://matrix.aibots.kz/_matrix/client/v3/room_keys/version" status=200 response_size="319B"}
2025-08-03T18:04:14.806898Z  INFO elementx: SSSS recovery key retrieved for user: @testuser4:matrix.aibots.kz | KeychainController.swift:234 | spans: root
2025-08-03T18:04:14.806918Z  INFO elementx: [AutoRecovery] Found existing local recovery key in getExistingLocalRecoveryKey: preview=EsTF aqXx ... 4r6y | AutoRecoveryKeyService.swift:213 | spans: root
2025-08-03T18:04:14.806969Z  INFO elementx: [AutoRecovery] Recovery key validation: length=48, preview=EsTFaqXxW9...d4r6y | AutoRecoveryKeyService.swift:213 | spans: root
2025-08-03T18:04:14.807975Z  INFO elementx: [AutoRecovery] Recovery key structure validation passed - correct Matrix format | AutoRecoveryKeyService.swift:213 | spans: root
2025-08-03T18:04:14.807992Z  INFO elementx: [AutoRecovery] Recovery key passed full Matrix specification validation | AutoRecoveryKeyService.swift:213 | spans: root
2025-08-03T18:04:14.808004Z  INFO elementx: [AutoRecovery] Recovery key format validation passed | AutoRecoveryKeyService.swift:213 | spans: root
2025-08-03T18:04:14.808017Z  INFO elementx: [AutoRecovery] Found local key for incomplete recovery state - attempting to complete | AutoRecoveryKeyService.swift:213 | spans: root
2025-08-03T18:04:14.808029Z  INFO elementx: [AutoRecovery] Attempting to recover from existing local key | AutoRecoveryKeyService.swift:213 | spans: root
2025-08-03T18:04:14.808047Z  INFO elementx: [AutoRecovery] Recovery state changed from validating to validating in context: recoverFromExistingKey | AutoRecoveryKeyService.swift:213 | spans: root
2025-08-03T18:04:14.808092Z  INFO elementx: Confirming recovery key | SecureBackupController.swift:148 | spans: root
2025-08-03T18:04:14.808142Z DEBUG matrix_sdk::http_client::native: Sending request num_attempt=1 | crates/matrix-sdk/src/http_client/native.rs:78 | spans: root > recover > send{request_id="REQ-22" method=GET uri="https://matrix.aibots.kz/_matrix/client/v3/user/@testuser4:matrix.aibots.kz/account_data/m.secret_storage.default_key"}
2025-08-03T18:04:14.811248Z  INFO elementx: Onboarding already attempted, skipping | UserSessionFlowCoordinator.swift:327 | spans: root
2025-08-03T18:04:14.811305Z  INFO elementx: Onboarding already attempted, skipping | UserSessionFlowCoordinator.swift:327 | spans: root
2025-08-03T18:04:14.817521Z DEBUG matrix_sdk::http_client: Got response | crates/matrix-sdk/src/http_client/mod.rs:214 | spans: root > recover > send{request_id="REQ-22" method=GET uri="https://matrix.aibots.kz/_matrix/client/v3/user/@testuser4:matrix.aibots.kz/account_data/m.secret_storage.default_key" status=200 response_size="42B"}
2025-08-03T18:04:14.817549Z DEBUG matrix_sdk::http_client::native: Sending request num_attempt=1 | crates/matrix-sdk/src/http_client/native.rs:78 | spans: root > recover > send{request_id="REQ-23" method=GET uri="https://matrix.aibots.kz/_matrix/client/v3/user/@testuser4:matrix.aibots.kz/account_data/m.secret_storage.key.SOLI8S87tfQr4Pbl8GMn4DVFeLHFoN7a"}
2025-08-03T18:04:14.820770Z DEBUG matrix_sdk::http_client: Got response | crates/matrix-sdk/src/http_client/mod.rs:214 | spans: root > next_sync_with_lock{store_generation=0} > sync_once{conn_id="encryption" } > send_outgoing_requests > keys_upload{request_id="ec0975de1bfa4a3a85b0933ce780d4d1"} > send{request_id="REQ-12" method=POST uri="https://matrix.aibots.kz/_matrix/client/v3/keys/upload" request_size="12.6k" status=200 response_size="48B"}
2025-08-03T18:04:14.820791Z DEBUG matrix_sdk_crypto::olm::account: Marking account as shared | crates/matrix-sdk-crypto/src/olm/account.rs:1254 | spans: root > next_sync_with_lock{store_generation=0} > sync_once{conn_id="encryption" } > send_outgoing_requests > keys_upload{request_id="ec0975de1bfa4a3a85b0933ce780d4d1"}
2025-08-03T18:04:14.820797Z DEBUG matrix_sdk_crypto::olm::account: Marking one-time keys as published | crates/matrix-sdk-crypto/src/olm/account.rs:1258 | spans: root > next_sync_with_lock{store_generation=0} > sync_once{conn_id="encryption" } > send_outgoing_requests > keys_upload{request_id="ec0975de1bfa4a3a85b0933ce780d4d1"}
2025-08-03T18:04:14.820846Z DEBUG matrix_sdk_crypto::olm::account: Updated uploaded one-time key count 0 -> 50. | crates/matrix-sdk-crypto/src/olm/account.rs:548 | spans: root > next_sync_with_lock{store_generation=0} > sync_once{conn_id="encryption" } > send_outgoing_requests > keys_upload{request_id="ec0975de1bfa4a3a85b0933ce780d4d1"}
2025-08-03T18:04:14.821918Z DEBUG matrix_sdk_crypto::olm::account: Updated uploaded one-time key count 50 -> 0. | crates/matrix-sdk-crypto/src/olm/account.rs:548 | spans: root > next_sync_with_lock{store_generation=0} > sync_once{conn_id="encryption" } > handle_response > receive_sync_changes
2025-08-03T18:04:14.822552Z DEBUG matrix_sdk_crypto::olm::account: Generated new one-time keys count=50 discarded_keys=[] created_keys=["curve25519:gZ8hHKyhS46C+ozOAP0KlaTkIrLAqlR8vN6suIYXmlY", "curve25519:HxSwCeJWKzWEfIfsa5g1KayoRq84Hhi9PXS4mol6ric", "curve25519:fQSLx2sIo8E4c++FiCQI8fjsAdOOVc6V9MvTEcD2ems", "curve25519:KCzH5QZJbfNS12c4Yq4+U1/Mz8Fmd4FoSbselOF16kI", "curve25519:5G75dF2oE1cEPIQRUSxcsoZF8uAFtYEN5Z6l7ijEY0c", "curve25519:SfZWMbkFCNaJUUyfIvothgfsIBFC1Ht954RcPxkYvH4", "curve25519:mm85sKnkPLX8FfjvDZ6riIxrLSvbesHaP4qCu5G7hAM", "curve25519:QQExcrHO7eTf1KNYiE+/oj3BxL19gtZ8qjl/raqsJCM", "curve25519:dPbiUMdQ8S2KN2SX7MRW4I3YwrvA6PUUQdy601BhdTg", "curve25519:WP7SEIEq2O067uJ8qLUGz+C4NlGUGvCDIWJQ7c65s2s", "curve25519:H4DEZdeommGMPx6QUBo06FxxZFuZdxxFu4fcV29WkRg", "curve25519:s6iv+ZohtouDGEKOmC4gMkuGvgQd/k6bjm6OUQu1awc", "curve25519:Aoyf/mGqhs2IP9ENGVHIMYl7RHKdiWUeNgJWWQCOLV8", "curve25519:wbwbhfWNdv7bYGFnyB/wsrFzJ6gjgNv5jtKuka5oljw", "curve25519:hCllP5iNXy2M1SkNMx0M7MC1U0c8kA8j0KJpYze9QXE", "curve25519:CxDJVsux26H7MkehqRyWblkDL013xQ+K8u3/b8Evj0s", "curve25519:y1GY5S1/n0ytHebIQ/A/kk+dpxog6u1L1/ZvqyIr1xk", "curve25519:dL08aGdrffXi7HaftwwDxxfFVwpi36sLit7JivzzODs", "curve25519:isx4cx4larJopkeFipArithfWz9lx4JEuBtpRrTMQ18", "curve25519:0/fJOm6Ud01ZKlGLSGlNTeIq97Pqrlbmy7QHsPw8azM", "curve25519:1Mu0aWqod0nD2CusEudEUF7klW56l/AVU5BI3PRiMhQ", "curve25519:BeSo1a15432ntXZnn+syHv8tGa6UyJEpRrGwZ/donEE", "curve25519:7+sQD/B4LygLo3yHVqCx7Ahetk/WEHvvO2NlrnpFqkA", "curve25519:LlIBqpLgXe4yieAWLi52WHR2I2MEDLW9Xkjxh8VCD0M", "curve25519:GcF3U7akuLvouFXLx1NqOil8HthUgW66bbcJWlix/Ss", "curve25519:ybU98u0wPC+qvL63KtvAh8+bRG1vlmmFVWNB+57b3Gg", "curve25519:NixsKWRdioiooHiodQoo+D/HWgYE+rQyh5q7mS1ucUU", "curve25519:uo4r3c47MSrzbKcGXhBe6xTEHlCnF6SdVSi+pgy8GTw", "curve25519:uqQ7JHKBRVKDAcZXXJtPd1XY097TPDhQ2IeMyX/+lEw", "curve25519:UIk3XBxlUsS8ISUmfk6Jb/3Dg16tCg96BvLKls0nMBw", "curve25519:xk+4p63lyT8uktfQuoqmCLF1HDR6+CVxnwkimbnSVRA", "curve25519:cNfdgiQiuLPMxarD4Pdl/VClIQ4RNCHB4PPhauYFgAU", "curve25519:18PRnNy+cDMdh8l/fWztSZq9lx4pJMX7bMhi7YL3e0E", "curve25519:wD9OFt3NC8FEEcV/++iS4ieO5W6Jjf+EVI6eNV/f0jo", "curve25519:8xe2+KZlUZ1pHTt1oYk4CXariXaL0tjrgeeFghKY2Bk", "curve25519:23sodGRyZpIy6/fLahmaigUHYBDJPy9JJJ9xn2aZO3s", "curve25519:lD4LWOfYXcdtNZ7FBl0mKXTDBhapJLJEVLqHQTfM9jw", "curve25519:uNLn//b3dA53xRegGRb991JiYf0TTD/zslOxDQfSNSM", "curve25519:dXV7zNrpgT/hfs04ajIvInwAX15VmkjIyvGIZNWxejc", "curve25519:AVPNKO8/EVEG+mhICGOu4MhyhvU3nFxtcA8P/HTUvW8", "curve25519:w6nUbn+EOzOfVX+13JvsQfIijKVzZhZ+jE4lW21cyXk", "curve25519:nXeufYPJoOTaXODBAlZDVOnoOlyauhOYnfmwCm1yXic", "curve25519:CpDB31DhIOIeKsrPCopVihNukqPAe0hHIWSXmk4EpAM", "curve25519:RHlOp3oimrvnOi+rt2qad7avmbw86G9d+Q5GZZOJiEM", "curve25519:YuN3cytd93HgHAmxeVIIeVKV8nbGuCg0S3z7p6Xb2BM", "curve25519:9+HZ6W96vTGclwhjeeFegeFwLZKwUK4zM/5PX1zzfjQ", "curve25519:mWA1N/QmKkHTxsVM0s0tJvkXnHWszfbN4usRr/zdYhY", "curve25519:0cPJrtSzCg/YF5c6M/2SfMA5FEcKzF53eDWSQdxMaRM", "curve25519:/jZAO/nP40DIeEUsq9ANC/dLOSIl79fu91G1FvaH4m8", "curve25519:eEt6jb9VcKIMoBGrhrC0HNxa8ROUzcSw83rSf7K0cnY"] | crates/matrix-sdk-crypto/src/olm/account.rs:595 | spans: root > next_sync_with_lock{store_generation=0} > sync_once{conn_id="encryption" } > handle_response > receive_sync_changes > generate_one_time_keys_if_needed
2025-08-03T18:04:14.822664Z DEBUG matrix_sdk_crypto::olm::account: The fallback key either expired or we didn't have one: generated a new fallback key. removed_fallback_key=None | crates/matrix-sdk-crypto/src/olm/account.rs:616 | spans: root > next_sync_with_lock{store_generation=0} > sync_once{conn_id="encryption" } > handle_response > receive_sync_changes
2025-08-03T18:04:14.825094Z  WARN matrix_sdk_crypto::backups: Trying to backup room keys but no backup key was found | crates/matrix-sdk-crypto/src/backups/mod.rs:523 | spans: root
2025-08-03T18:04:14.825556Z DEBUG matrix_sdk::http_client::native: Sending request num_attempt=1 | crates/matrix-sdk/src/http_client/native.rs:78 | spans: root > next_sync_with_lock{store_generation=0} > sync_once{conn_id="encryption" pos="0/s611_17296_0_366_597_6_11_886_0_1"} > send{request_id="REQ-24" method=POST uri="https://matrix.aibots.kz/_matrix/client/unstable/org.matrix.simplified_msc3575/sync" request_size="149B"}
2025-08-03T18:04:14.825641Z DEBUG matrix_sdk_crypto::session_manager::sessions: Collected user/device pairs that are missing an Olm session missing_session_devices_by_user={} timed_out_devices_by_user={} | crates/matrix-sdk-crypto/src/session_manager/sessions.rs:287 | spans: root > next_sync_with_lock{store_generation=0} > sync_once{conn_id="encryption" pos="0/s611_17296_0_366_597_6_11_886_0_1"} > send_outgoing_requests > get_missing_sessions
2025-08-03T18:04:14.826521Z DEBUG matrix_sdk::http_client::native: Sending request num_attempt=1 | crates/matrix-sdk/src/http_client/native.rs:78 | spans: root > next_sync_with_lock{store_generation=0} > sync_once{conn_id="encryption" pos="0/s611_17296_0_366_597_6_11_886_0_1"} > send_outgoing_requests > keys_upload{request_id="4dd87fbd993b49dc829938a1bac993cc"} > send{request_id="REQ-25" method=POST uri="https://matrix.aibots.kz/_matrix/client/v3/keys/upload" request_size="12.4k"}
2025-08-03T18:04:14.830205Z DEBUG matrix_sdk::http_client: Got response | crates/matrix-sdk/src/http_client/mod.rs:214 | spans: root > recover > send{request_id="REQ-23" method=GET uri="https://matrix.aibots.kz/_matrix/client/v3/user/@testuser4:matrix.aibots.kz/account_data/m.secret_storage.key.SOLI8S87tfQr4Pbl8GMn4DVFeLHFoN7a" status=200 response_size="143B"}
2025-08-03T18:04:14.830244Z  INFO matrix_sdk::encryption::secret_storage::secret_store: Fetching the private cross-signing keys from the secret store | crates/matrix-sdk/src/encryption/secret_storage/secret_store.rs:373 | spans: root > recover > import_secrets{self=SecretStore { key: SecretStorageKey { storage_key_info: SecretStorageKeyEventContent { key_id: "SOLI8S87tfQr4Pbl8GMn4DVFeLHFoN7a", name: None, algorithm: V1AesHmacSha2(SecretStorageV1AesHmacSha2Properties { iv: Some("rNV49iQTT0wpQKtpj+SbUA"), mac: Some("Nqi65yXyTNe95yBmrgPxZSRML2sAvGMzFgVuTi9YpZs") }), passphrase: None }, .. }, .. } user_id=@testuser4:matrix.aibots.kz device_id=XGKCUYHGWR}
2025-08-03T18:04:14.830264Z DEBUG matrix_sdk::http_client::native: Sending request num_attempt=1 | crates/matrix-sdk/src/http_client/native.rs:78 | spans: root > recover > import_secrets{self=SecretStore { key: SecretStorageKey { storage_key_info: SecretStorageKeyEventContent { key_id: "SOLI8S87tfQr4Pbl8GMn4DVFeLHFoN7a", name: None, algorithm: V1AesHmacSha2(SecretStorageV1AesHmacSha2Properties { iv: Some("rNV49iQTT0wpQKtpj+SbUA"), mac: Some("Nqi65yXyTNe95yBmrgPxZSRML2sAvGMzFgVuTi9YpZs") }), passphrase: None }, .. }, .. } user_id=@testuser4:matrix.aibots.kz device_id=XGKCUYHGWR} > send{request_id="REQ-26" method=GET uri="https://matrix.aibots.kz/_matrix/client/v3/user/@testuser4:matrix.aibots.kz/account_data/m.cross_signing.master"}
2025-08-03T18:04:14.848133Z  INFO elementx: Onboarding already attempted, skipping | UserSessionFlowCoordinator.swift:327 | spans: root
2025-08-03T18:04:14.848206Z  INFO elementx: [BuildConfiguration] 📱 Alert App ID configured as: io.sergeyshmagin.kdbchat.debug | BuildConfiguration.swift:35 | spans: root
2025-08-03T18:04:14.848213Z  INFO elementx: Onboarding already attempted, skipping | UserSessionFlowCoordinator.swift:327 | spans: root
2025-08-03T18:04:14.848389Z  INFO elementx: [NotificationManager] 🚀 ===== PUSHER REGISTRATION DEBUG ===== | NotificationManager.swift:308 | spans: root
2025-08-03T18:04:14.848405Z  INFO elementx: [NotificationManager] 📦 Bundle ID: io.sergeyshmagin.kdbchat | NotificationManager.swift:309 | spans: root
2025-08-03T18:04:14.848417Z  INFO elementx: [NotificationManager] 🏗️ Build Type: RELEASE | NotificationManager.swift:310 | spans: root
2025-08-03T18:04:14.848428Z  INFO elementx: [NotificationManager] 📱 Pusher App ID: io.sergeyshmagin.kdbchat.debug | NotificationManager.swift:311 | spans: root
2025-08-03T18:04:14.848440Z  INFO elementx: [NotificationManager] 🌐 Push Gateway: https://push.aibots.kz/_matrix/push/v1/notify | NotificationManager.swift:312 | spans: root
2025-08-03T18:04:14.848451Z  INFO elementx: [NotificationManager] 🔑 Device Token (HEX): 6cff2606600ef2a006ee2d373a5449ce069791a74918f50cf7ae92dff71767dd | NotificationManager.swift:313 | spans: root
2025-08-03T18:04:14.848464Z  INFO elementx: [NotificationManager] 🔑 Device Token (Base64): bP8mBmAO8qAG7i03OlRJzgaXkadJGPUM966S3/cXZ90= | NotificationManager.swift:314 | spans: root
2025-08-03T18:04:14.848580Z  INFO elementx: [NotificationManager] 🔑 Token Length (HEX): 64 chars | NotificationManager.swift:315 | spans: root
2025-08-03T18:04:14.848595Z  INFO elementx: [NotificationManager] 🔑 Token Length (Base64): 44 chars | NotificationManager.swift:316 | spans: root
2025-08-03T18:04:14.848610Z  INFO elementx: [NotificationManager] 📋 App Display Name: kdbchat | NotificationManager.swift:317 | spans: root
2025-08-03T18:04:14.849477Z DEBUG matrix_sdk::http_client: Got response | crates/matrix-sdk/src/http_client/mod.rs:214 | spans: root > recover > import_secrets{self=SecretStore { key: SecretStorageKey { storage_key_info: SecretStorageKeyEventContent { key_id: "SOLI8S87tfQr4Pbl8GMn4DVFeLHFoN7a", name: None, algorithm: V1AesHmacSha2(SecretStorageV1AesHmacSha2Properties { iv: Some("rNV49iQTT0wpQKtpj+SbUA"), mac: Some("Nqi65yXyTNe95yBmrgPxZSRML2sAvGMzFgVuTi9YpZs") }), passphrase: None }, .. }, .. } user_id=@testuser4:matrix.aibots.kz device_id=XGKCUYHGWR} > send{request_id="REQ-26" method=GET uri="https://matrix.aibots.kz/_matrix/client/v3/user/@testuser4:matrix.aibots.kz/account_data/m.cross_signing.master" status=200 response_size="208B"}
2025-08-03T18:04:14.849519Z DEBUG matrix_sdk::http_client::native: Sending request num_attempt=1 | crates/matrix-sdk/src/http_client/native.rs:78 | spans: root > recover > import_secrets{self=SecretStore { key: SecretStorageKey { storage_key_info: SecretStorageKeyEventContent { key_id: "SOLI8S87tfQr4Pbl8GMn4DVFeLHFoN7a", name: None, algorithm: V1AesHmacSha2(SecretStorageV1AesHmacSha2Properties { iv: Some("rNV49iQTT0wpQKtpj+SbUA"), mac: Some("Nqi65yXyTNe95yBmrgPxZSRML2sAvGMzFgVuTi9YpZs") }), passphrase: None }, .. }, .. } user_id=@testuser4:matrix.aibots.kz device_id=XGKCUYHGWR} > send{request_id="REQ-27" method=GET uri="https://matrix.aibots.kz/_matrix/client/v3/user/@testuser4:matrix.aibots.kz/account_data/m.cross_signing.self_signing"}
2025-08-03T18:04:14.850494Z  INFO elementx: Onboarding already attempted, skipping | UserSessionFlowCoordinator.swift:327 | spans: root
2025-08-03T18:04:14.850547Z  INFO elementx: Onboarding already attempted, skipping | UserSessionFlowCoordinator.swift:327 | spans: root
2025-08-03T18:04:14.852834Z  INFO elementx: [NotificationManager] 📱 Device Name: iPhone | NotificationManager.swift:318 | spans: root
2025-08-03T18:04:14.852860Z  INFO elementx: [NotificationManager] 🔧 Client Identifier: Optional("7f649250a4f90b0bee16984fdefc4c34d480d85f89a360a3a24897d0c55f8ebe") | NotificationManager.swift:319 | spans: root
2025-08-03T18:04:14.854259Z DEBUG matrix_sdk::http_client: Got response | crates/matrix-sdk/src/http_client/mod.rs:214 | spans: root > next_sync_with_lock{store_generation=0} > sync_once{conn_id="encryption" pos="0/s611_17296_0_366_597_6_11_886_0_1"} > send{request_id="REQ-24" method=POST uri="https://matrix.aibots.kz/_matrix/client/unstable/org.matrix.simplified_msc3575/sync" request_size="149B" status=200 response_size="285B"}
2025-08-03T18:04:14.855065Z  INFO elementx: [NotificationManager] 🎯 Profile Tag: 7ieijgFb84z8r67N | NotificationManager.swift:320 | spans: root
2025-08-03T18:04:14.855107Z  INFO elementx: [NotificationManager] 🌍 Language: ru | NotificationManager.swift:321 | spans: root
2025-08-03T18:04:14.855117Z  INFO elementx: [NotificationManager] ============================================ | NotificationManager.swift:322 | spans: root
2025-08-03T18:04:14.859941Z DEBUG matrix_sdk::http_client: Got response | crates/matrix-sdk/src/http_client/mod.rs:214 | spans: root > recover > import_secrets{self=SecretStore { key: SecretStorageKey { storage_key_info: SecretStorageKeyEventContent { key_id: "SOLI8S87tfQr4Pbl8GMn4DVFeLHFoN7a", name: None, algorithm: V1AesHmacSha2(SecretStorageV1AesHmacSha2Properties { iv: Some("rNV49iQTT0wpQKtpj+SbUA"), mac: Some("Nqi65yXyTNe95yBmrgPxZSRML2sAvGMzFgVuTi9YpZs") }), passphrase: None }, .. }, .. } user_id=@testuser4:matrix.aibots.kz device_id=XGKCUYHGWR} > send{request_id="REQ-27" method=GET uri="https://matrix.aibots.kz/_matrix/client/v3/user/@testuser4:matrix.aibots.kz/account_data/m.cross_signing.self_signing" status=200 response_size="208B"}
2025-08-03T18:04:14.860007Z DEBUG matrix_sdk::http_client::native: Sending request num_attempt=1 | crates/matrix-sdk/src/http_client/native.rs:78 | spans: root > recover > import_secrets{self=SecretStore { key: SecretStorageKey { storage_key_info: SecretStorageKeyEventContent { key_id: "SOLI8S87tfQr4Pbl8GMn4DVFeLHFoN7a", name: None, algorithm: V1AesHmacSha2(SecretStorageV1AesHmacSha2Properties { iv: Some("rNV49iQTT0wpQKtpj+SbUA"), mac: Some("Nqi65yXyTNe95yBmrgPxZSRML2sAvGMzFgVuTi9YpZs") }), passphrase: None }, .. }, .. } user_id=@testuser4:matrix.aibots.kz device_id=XGKCUYHGWR} > send{request_id="REQ-28" method=GET uri="https://matrix.aibots.kz/_matrix/client/v3/user/@testuser4:matrix.aibots.kz/account_data/m.cross_signing.user_signing"}
2025-08-03T18:04:14.860319Z DEBUG matrix_sdk::http_client::native: Sending request num_attempt=1 | crates/matrix-sdk/src/http_client/native.rs:78 | spans: root > send{request_id="REQ-29" method=POST uri="https://matrix.aibots.kz/_matrix/client/v3/pushers/set" request_size="556B"}
2025-08-03T18:04:14.878062Z DEBUG matrix_sdk::http_client: Got response | crates/matrix-sdk/src/http_client/mod.rs:214 | spans: root > recover > import_secrets{self=SecretStore { key: SecretStorageKey { storage_key_info: SecretStorageKeyEventContent { key_id: "SOLI8S87tfQr4Pbl8GMn4DVFeLHFoN7a", name: None, algorithm: V1AesHmacSha2(SecretStorageV1AesHmacSha2Properties { iv: Some("rNV49iQTT0wpQKtpj+SbUA"), mac: Some("Nqi65yXyTNe95yBmrgPxZSRML2sAvGMzFgVuTi9YpZs") }), passphrase: None }, .. }, .. } user_id=@testuser4:matrix.aibots.kz device_id=XGKCUYHGWR} > send{request_id="REQ-28" method=GET uri="https://matrix.aibots.kz/_matrix/client/v3/user/@testuser4:matrix.aibots.kz/account_data/m.cross_signing.user_signing" status=200 response_size="208B"}
2025-08-03T18:04:14.878085Z  INFO matrix_sdk::encryption::secret_storage::secret_store: Received the cross signing keys from the server cross_signing_keys=CrossSigningKeyExport { master_key: true, self_signing_key: true, user_signing_key: true, .. } | crates/matrix-sdk/src/encryption/secret_storage/secret_store.rs:378 | spans: root > recover > import_secrets{self=SecretStore { key: SecretStorageKey { storage_key_info: SecretStorageKeyEventContent { key_id: "SOLI8S87tfQr4Pbl8GMn4DVFeLHFoN7a", name: None, algorithm: V1AesHmacSha2(SecretStorageV1AesHmacSha2Properties { iv: Some("rNV49iQTT0wpQKtpj+SbUA"), mac: Some("Nqi65yXyTNe95yBmrgPxZSRML2sAvGMzFgVuTi9YpZs") }), passphrase: None }, .. }, .. } user_id=@testuser4:matrix.aibots.kz device_id=XGKCUYHGWR}
2025-08-03T18:04:14.878191Z DEBUG matrix_sdk::http_client::native: Sending request num_attempt=1 | crates/matrix-sdk/src/http_client/native.rs:78 | spans: root > recover > import_secrets{self=SecretStore { key: SecretStorageKey { storage_key_info: SecretStorageKeyEventContent { key_id: "SOLI8S87tfQr4Pbl8GMn4DVFeLHFoN7a", name: None, algorithm: V1AesHmacSha2(SecretStorageV1AesHmacSha2Properties { iv: Some("rNV49iQTT0wpQKtpj+SbUA"), mac: Some("Nqi65yXyTNe95yBmrgPxZSRML2sAvGMzFgVuTi9YpZs") }), passphrase: None }, .. }, .. } user_id=@testuser4:matrix.aibots.kz device_id=XGKCUYHGWR} > keys_query{request_id="9d3acf30bd994ecabb10a36e05d9d448"} > send{request_id="REQ-30" method=POST uri="https://matrix.aibots.kz/_matrix/client/v3/keys/query" request_size="50B"}
2025-08-03T18:04:14.896291Z DEBUG matrix_sdk::http_client: Got response | crates/matrix-sdk/src/http_client/mod.rs:214 | spans: root > next_sync_with_lock{store_generation=0} > sync_once{conn_id="encryption" pos="0/s611_17296_0_366_597_6_11_886_0_1"} > send_outgoing_requests > keys_upload{request_id="4dd87fbd993b49dc829938a1bac993cc"} > send{request_id="REQ-25" method=POST uri="https://matrix.aibots.kz/_matrix/client/v3/keys/upload" request_size="12.4k" status=200 response_size="49B"}
2025-08-03T18:04:14.896311Z DEBUG matrix_sdk_crypto::olm::account: Marking one-time keys as published | crates/matrix-sdk-crypto/src/olm/account.rs:1258 | spans: root > next_sync_with_lock{store_generation=0} > sync_once{conn_id="encryption" pos="0/s611_17296_0_366_597_6_11_886_0_1"} > send_outgoing_requests > keys_upload{request_id="4dd87fbd993b49dc829938a1bac993cc"}
2025-08-03T18:04:14.896319Z DEBUG matrix_sdk_crypto::olm::account: Updated uploaded one-time key count 0 -> 100. | crates/matrix-sdk-crypto/src/olm/account.rs:548 | spans: root > next_sync_with_lock{store_generation=0} > sync_once{conn_id="encryption" pos="0/s611_17296_0_366_597_6_11_886_0_1"} > send_outgoing_requests > keys_upload{request_id="4dd87fbd993b49dc829938a1bac993cc"}
2025-08-03T18:04:14.898458Z DEBUG matrix_sdk_crypto::olm::account: Updated uploaded one-time key count 100 -> 50. | crates/matrix-sdk-crypto/src/olm/account.rs:548 | spans: root > next_sync_with_lock{store_generation=0} > sync_once{conn_id="encryption" pos="0/s611_17296_0_366_597_6_11_886_0_1"} > handle_response > receive_sync_changes
2025-08-03T18:04:14.900664Z  WARN matrix_sdk_crypto::backups: Trying to backup room keys but no backup key was found | crates/matrix-sdk-crypto/src/backups/mod.rs:523 | spans: root
2025-08-03T18:04:14.901027Z DEBUG matrix_sdk::http_client::native: Sending request num_attempt=1 | crates/matrix-sdk/src/http_client/native.rs:78 | spans: root > next_sync_with_lock{store_generation=0} > sync_once{conn_id="encryption" pos="0/s611_17296_0_366_597_6_11_887_0_1"} > send{request_id="REQ-31" method=POST uri="https://matrix.aibots.kz/_matrix/client/unstable/org.matrix.simplified_msc3575/sync" request_size="149B"}
2025-08-03T18:04:14.901065Z DEBUG matrix_sdk_crypto::session_manager::sessions: Collected user/device pairs that are missing an Olm session missing_session_devices_by_user={} timed_out_devices_by_user={} | crates/matrix-sdk-crypto/src/session_manager/sessions.rs:287 | spans: root > next_sync_with_lock{store_generation=0} > sync_once{conn_id="encryption" pos="0/s611_17296_0_366_597_6_11_887_0_1"} > send_outgoing_requests > get_missing_sessions
2025-08-03T18:04:14.901089Z DEBUG matrix_sdk_crypto::identities::manager: Created a /keys/query request request_id="d1b9e19b70ed4b0d9e5122d10f4782e4" users=["@testuser4:matrix.aibots.kz"] | crates/matrix-sdk-crypto/src/identities/manager.rs:877 | spans: root > next_sync_with_lock{store_generation=0} > sync_once{conn_id="encryption" pos="0/s611_17296_0_366_597_6_11_887_0_1"} > send_outgoing_requests
2025-08-03T18:04:14.901152Z DEBUG matrix_sdk::http_client::native: Sending request num_attempt=1 | crates/matrix-sdk/src/http_client/native.rs:78 | spans: root > next_sync_with_lock{store_generation=0} > sync_once{conn_id="encryption" pos="0/s611_17296_0_366_597_6_11_887_0_1"} > send_outgoing_requests > keys_query{request_id="d1b9e19b70ed4b0d9e5122d10f4782e4"} > send{request_id="REQ-32" method=POST uri="https://matrix.aibots.kz/_matrix/client/v3/keys/query" request_size="50B"}
2025-08-03T18:04:14.909920Z DEBUG matrix_sdk::http_client: Got response | crates/matrix-sdk/src/http_client/mod.rs:214 | spans: root > recover > import_secrets{self=SecretStore { key: SecretStorageKey { storage_key_info: SecretStorageKeyEventContent { key_id: "SOLI8S87tfQr4Pbl8GMn4DVFeLHFoN7a", name: None, algorithm: V1AesHmacSha2(SecretStorageV1AesHmacSha2Properties { iv: Some("rNV49iQTT0wpQKtpj+SbUA"), mac: Some("Nqi65yXyTNe95yBmrgPxZSRML2sAvGMzFgVuTi9YpZs") }), passphrase: None }, .. }, .. } user_id=@testuser4:matrix.aibots.kz device_id=XGKCUYHGWR} > keys_query{request_id="9d3acf30bd994ecabb10a36e05d9d448"} > send{request_id="REQ-30" method=POST uri="https://matrix.aibots.kz/_matrix/client/v3/keys/query" request_size="50B" status=200 response_size="1.9k"}
2025-08-03T18:04:14.909935Z DEBUG matrix_sdk_crypto::identities::manager: Handling a `/keys/query` response request_id="9d3acf30bd994ecabb10a36e05d9d448" users={"@testuser4:matrix.aibots.kz"} failures={} | crates/matrix-sdk-crypto/src/identities/manager.rs:135 | spans: root > recover > import_secrets{self=SecretStore { key: SecretStorageKey { storage_key_info: SecretStorageKeyEventContent { key_id: "SOLI8S87tfQr4Pbl8GMn4DVFeLHFoN7a", name: None, algorithm: V1AesHmacSha2(SecretStorageV1AesHmacSha2Properties { iv: Some("rNV49iQTT0wpQKtpj+SbUA"), mac: Some("Nqi65yXyTNe95yBmrgPxZSRML2sAvGMzFgVuTi9YpZs") }), passphrase: None }, .. }, .. } user_id=@testuser4:matrix.aibots.kz device_id=XGKCUYHGWR} > keys_query{request_id="9d3acf30bd994ecabb10a36e05d9d448"}
2025-08-03T18:04:14.909945Z DEBUG matrix_sdk::http_client: Got response | crates/matrix-sdk/src/http_client/mod.rs:214 | spans: root > send{request_id="REQ-29" method=POST uri="https://matrix.aibots.kz/_matrix/client/v3/pushers/set" request_size="556B" status=200 response_size="2B"}
2025-08-03T18:04:14.910015Z  INFO elementx: [NotificationManager] ✅ ===== PUSHER REGISTRATION SUCCESS ===== | NotificationManager.swift:341 | spans: root
2025-08-03T18:04:14.910030Z  INFO elementx: [NotificationManager] ✅ Successfully registered pusher with: | NotificationManager.swift:342 | spans: root
2025-08-03T18:04:14.910044Z  INFO elementx: [NotificationManager] ✅ App ID: io.sergeyshmagin.kdbchat.debug | NotificationManager.swift:343 | spans: root
2025-08-03T18:04:14.910058Z  INFO elementx: [NotificationManager] ✅ Bundle ID: io.sergeyshmagin.kdbchat | NotificationManager.swift:344 | spans: root
2025-08-03T18:04:14.910075Z  INFO elementx: [NotificationManager] ✅ Token (HEX): 6cff2606600ef2a0... | NotificationManager.swift:345 | spans: root
2025-08-03T18:04:14.910094Z  INFO elementx: [NotificationManager] ✅ Token (Base64): bP8mBmAO8qAG7i03... | NotificationManager.swift:346 | spans: root
2025-08-03T18:04:14.910108Z  INFO elementx: [NotificationManager] ✅ Gateway: https://push.aibots.kz/_matrix/push/v1/notify | NotificationManager.swift:347 | spans: root
2025-08-03T18:04:14.910119Z  INFO elementx: [NotificationManager] ================================================ | NotificationManager.swift:348 | spans: root
2025-08-03T18:04:14.910135Z  INFO elementx: [BuildConfiguration] 📱 Alert App ID configured as: io.sergeyshmagin.kdbchat.debug | BuildConfiguration.swift:35 | spans: root
2025-08-03T18:04:14.910370Z  INFO elementx: [NotificationManager] 🚀 ===== VoIP PUSHER REGISTRATION (Regular Token) ===== | NotificationManager.swift:179 | spans: root
2025-08-03T18:04:14.910388Z  INFO elementx: [NotificationManager] 📦 Bundle ID: io.sergeyshmagin.kdbchat | NotificationManager.swift:180 | spans: root
2025-08-03T18:04:14.910402Z  INFO elementx: [NotificationManager] 🏗️ Build Type: RELEASE | NotificationManager.swift:181 | spans: root
2025-08-03T18:04:14.910417Z  INFO elementx: [NotificationManager] 📱 VoIP App ID: io.sergeyshmagin.kdbchat.debug.voip | NotificationManager.swift:182 | spans: root
2025-08-03T18:04:14.910430Z  INFO elementx: [NotificationManager] 🌐 Push Gateway: https://push.aibots.kz/_matrix/push/v1/notify | NotificationManager.swift:183 | spans: root
2025-08-03T18:04:14.910444Z  INFO elementx: [NotificationManager] 🔑 Device Token (HEX): 6cff2606600ef2a006ee2d373a5449ce069791a74918f50cf7ae92dff71767dd | NotificationManager.swift:184 | spans: root
2025-08-03T18:04:14.910459Z  INFO elementx: [NotificationManager] 🔑 Device Token (Base64): bP8mBmAO8qAG7i03OlRJzgaXkadJGPUM966S3/cXZ90= | NotificationManager.swift:185 | spans: root
2025-08-03T18:04:14.910471Z  INFO elementx: [NotificationManager] 🔑 Token Length (HEX): 64 chars | NotificationManager.swift:186 | spans: root
2025-08-03T18:04:14.910487Z  INFO elementx: [NotificationManager] 🔑 Token Length (Base64): 44 chars | NotificationManager.swift:187 | spans: root
2025-08-03T18:04:14.910502Z  INFO elementx: [NotificationManager] 📋 App Display Name: kdbchat | NotificationManager.swift:188 | spans: root
2025-08-03T18:04:14.910576Z  INFO elementx: [NotificationManager] 📱 Device Name: iPhone | NotificationManager.swift:189 | spans: root
2025-08-03T18:04:14.910603Z  INFO elementx: [NotificationManager] 🔧 Client Identifier: Optional("7f649250a4f90b0bee16984fdefc4c34d480d85f89a360a3a24897d0c55f8ebe") | NotificationManager.swift:190 | spans: root
2025-08-03T18:04:14.910636Z  INFO elementx: [NotificationManager] 🎯 VoIP Profile Tag: voip_7ieijgFb84z8r67N | NotificationManager.swift:191 | spans: root
2025-08-03T18:04:14.910675Z  INFO elementx: [NotificationManager] 🌍 Language: ru | NotificationManager.swift:192 | spans: root
2025-08-03T18:04:14.910689Z  INFO elementx: [NotificationManager] ============================================ | NotificationManager.swift:193 | spans: root
2025-08-03T18:04:14.911209Z DEBUG matrix_sdk::http_client::native: Sending request num_attempt=1 | crates/matrix-sdk/src/http_client/native.rs:78 | spans: root > send{request_id="REQ-33" method=POST uri="https://matrix.aibots.kz/_matrix/client/v3/pushers/set" request_size="549B"}
2025-08-03T18:04:14.911280Z DEBUG matrix_sdk_crypto::identities::manager: Finished handling of the `/keys/query` response request_id="9d3acf30bd994ecabb10a36e05d9d448" new_devices={} changed_devices={"@testuser4:matrix.aibots.kz": {"XGKCUYHGWR"}} deleted_devices={} new_identities={} changed_identities={} | crates/matrix-sdk-crypto/src/identities/manager.rs:1205 | spans: root > recover > import_secrets{self=SecretStore { key: SecretStorageKey { storage_key_info: SecretStorageKeyEventContent { key_id: "SOLI8S87tfQr4Pbl8GMn4DVFeLHFoN7a", name: None, algorithm: V1AesHmacSha2(SecretStorageV1AesHmacSha2Properties { iv: Some("rNV49iQTT0wpQKtpj+SbUA"), mac: Some("Nqi65yXyTNe95yBmrgPxZSRML2sAvGMzFgVuTi9YpZs") }), passphrase: None }, .. }, .. } user_id=@testuser4:matrix.aibots.kz device_id=XGKCUYHGWR} > keys_query{request_id="9d3acf30bd994ecabb10a36e05d9d448"}
2025-08-03T18:04:14.911303Z DEBUG matrix_sdk::http_client::native: Sending request num_attempt=1 | crates/matrix-sdk/src/http_client/native.rs:78 | spans: root > recover > import_secrets{self=SecretStore { key: SecretStorageKey { storage_key_info: SecretStorageKeyEventContent { key_id: "SOLI8S87tfQr4Pbl8GMn4DVFeLHFoN7a", name: None, algorithm: V1AesHmacSha2(SecretStorageV1AesHmacSha2Properties { iv: Some("rNV49iQTT0wpQKtpj+SbUA"), mac: Some("Nqi65yXyTNe95yBmrgPxZSRML2sAvGMzFgVuTi9YpZs") }), passphrase: None }, .. }, .. } user_id=@testuser4:matrix.aibots.kz device_id=XGKCUYHGWR} > keys_query{request_id="9d3acf30bd994ecabb10a36e05d9d448"} > update_state_after_keys_query > send{request_id="REQ-34" method=GET uri="https://matrix.aibots.kz/_matrix/client/v3/user/@testuser4:matrix.aibots.kz/account_data/m.secret_storage.default_key"}
2025-08-03T18:04:14.920511Z DEBUG matrix_sdk::http_client: Got response | crates/matrix-sdk/src/http_client/mod.rs:214 | spans: root > next_sync_with_lock{store_generation=0} > sync_once{conn_id="encryption" pos="0/s611_17296_0_366_597_6_11_887_0_1"} > send_outgoing_requests > keys_query{request_id="d1b9e19b70ed4b0d9e5122d10f4782e4"} > send{request_id="REQ-32" method=POST uri="https://matrix.aibots.kz/_matrix/client/v3/keys/query" request_size="50B" status=200 response_size="1.9k"}
2025-08-03T18:04:14.920524Z DEBUG matrix_sdk_crypto::identities::manager: Handling a `/keys/query` response request_id="d1b9e19b70ed4b0d9e5122d10f4782e4" users={"@testuser4:matrix.aibots.kz"} failures={} | crates/matrix-sdk-crypto/src/identities/manager.rs:135 | spans: root > next_sync_with_lock{store_generation=0} > sync_once{conn_id="encryption" pos="0/s611_17296_0_366_597_6_11_887_0_1"} > send_outgoing_requests > keys_query{request_id="d1b9e19b70ed4b0d9e5122d10f4782e4"}
2025-08-03T18:04:14.921247Z DEBUG matrix_sdk_crypto::identities::manager: Finished handling of the `/keys/query` response request_id="d1b9e19b70ed4b0d9e5122d10f4782e4" new_devices={} changed_devices={} deleted_devices={} new_identities={} changed_identities={} | crates/matrix-sdk-crypto/src/identities/manager.rs:1205 | spans: root > next_sync_with_lock{store_generation=0} > sync_once{conn_id="encryption" pos="0/s611_17296_0_366_597_6_11_887_0_1"} > send_outgoing_requests > keys_query{request_id="d1b9e19b70ed4b0d9e5122d10f4782e4"}
2025-08-03T18:04:14.921267Z DEBUG matrix_sdk::http_client::native: Sending request num_attempt=1 | crates/matrix-sdk/src/http_client/native.rs:78 | spans: root > next_sync_with_lock{store_generation=0} > sync_once{conn_id="encryption" pos="0/s611_17296_0_366_597_6_11_887_0_1"} > send_outgoing_requests > keys_query{request_id="d1b9e19b70ed4b0d9e5122d10f4782e4"} > update_state_after_keys_query > send{request_id="REQ-35" method=GET uri="https://matrix.aibots.kz/_matrix/client/v3/user/@testuser4:matrix.aibots.kz/account_data/m.secret_storage.default_key"}
2025-08-03T18:04:14.924523Z DEBUG matrix_sdk::http_client: Got response | crates/matrix-sdk/src/http_client/mod.rs:214 | spans: root > recover > import_secrets{self=SecretStore { key: SecretStorageKey { storage_key_info: SecretStorageKeyEventContent { key_id: "SOLI8S87tfQr4Pbl8GMn4DVFeLHFoN7a", name: None, algorithm: V1AesHmacSha2(SecretStorageV1AesHmacSha2Properties { iv: Some("rNV49iQTT0wpQKtpj+SbUA"), mac: Some("Nqi65yXyTNe95yBmrgPxZSRML2sAvGMzFgVuTi9YpZs") }), passphrase: None }, .. }, .. } user_id=@testuser4:matrix.aibots.kz device_id=XGKCUYHGWR} > keys_query{request_id="9d3acf30bd994ecabb10a36e05d9d448"} > update_state_after_keys_query > send{request_id="REQ-34" method=GET uri="https://matrix.aibots.kz/_matrix/client/v3/user/@testuser4:matrix.aibots.kz/account_data/m.secret_storage.default_key" status=200 response_size="42B"}
2025-08-03T18:04:14.924592Z  INFO elementx: Session security state changed, verificationState: unverified, recoveryState: incomplete | UserSession.swift:47 | spans: root
2025-08-03T18:04:14.924676Z  INFO elementx: Backup state changed - Recovery: incomplete, KeyBackup: unknown | AutoRecoveryKeyService.swift:1326 | spans: root
2025-08-03T18:04:14.924698Z  INFO elementx: Recovery state changed to: incomplete, setting local state to incomplete | SecureBackupController.swift:79 | spans: root
2025-08-03T18:04:14.924719Z  INFO elementx: Onboarding already attempted, skipping | UserSessionFlowCoordinator.swift:327 | spans: root
2025-08-03T18:04:14.924924Z  INFO elementx: Session security state changed, verificationState: unverified, recoveryState: incomplete | UserSession.swift:47 | spans: root
2025-08-03T18:04:14.925141Z  INFO matrix_sdk_crypto::store: Successfully imported the private cross-signing keys status=CrossSigningStatus { has_master: true, has_self_signing: true, has_user_signing: true } | crates/matrix-sdk-crypto/src/store/mod.rs:922 | spans: root > recover > import_secrets{self=SecretStore { key: SecretStorageKey { storage_key_info: SecretStorageKeyEventContent { key_id: "SOLI8S87tfQr4Pbl8GMn4DVFeLHFoN7a", name: None, algorithm: V1AesHmacSha2(SecretStorageV1AesHmacSha2Properties { iv: Some("rNV49iQTT0wpQKtpj+SbUA"), mac: Some("Nqi65yXyTNe95yBmrgPxZSRML2sAvGMzFgVuTi9YpZs") }), passphrase: None }, .. }, .. } user_id=@testuser4:matrix.aibots.kz device_id=XGKCUYHGWR}
2025-08-03T18:04:14.925654Z DEBUG matrix_sdk_crypto::store::crypto_store_wrapper: Stored our own identity master_key=Some("ed25519:8GG8KTGQVD2s7mC7O37eq1glQcSotN+euxl5RHPBDTQ") user_signing_key=Some("ed25519:Wg1vJ7Sa+AQUdZRzYaPdJO1NmcgaSUbz5w1L+n224Gs") self_signing_key=Some("ed25519:lpuFlkKJ/coy6/iQQj/eSbNytUwXYmzx4EGINW2PRm0") previously_verified=true verified=true | crates/matrix-sdk-crypto/src/store/crypto_store_wrapper.rs:149 | spans: root > recover > import_secrets{self=SecretStore { key: SecretStorageKey { storage_key_info: SecretStorageKeyEventContent { key_id: "SOLI8S87tfQr4Pbl8GMn4DVFeLHFoN7a", name: None, algorithm: V1AesHmacSha2(SecretStorageV1AesHmacSha2Properties { iv: Some("rNV49iQTT0wpQKtpj+SbUA"), mac: Some("Nqi65yXyTNe95yBmrgPxZSRML2sAvGMzFgVuTi9YpZs") }), passphrase: None }, .. }, .. } user_id=@testuser4:matrix.aibots.kz device_id=XGKCUYHGWR}
2025-08-03T18:04:14.925737Z DEBUG matrix_sdk_crypto::store::crypto_store_wrapper: Own identity is now verified, check all known identities for verification status changes | crates/matrix-sdk-crypto/src/store/crypto_store_wrapper.rs:193 | spans: root > recover > import_secrets{self=SecretStore { key: SecretStorageKey { storage_key_info: SecretStorageKeyEventContent { key_id: "SOLI8S87tfQr4Pbl8GMn4DVFeLHFoN7a", name: None, algorithm: V1AesHmacSha2(SecretStorageV1AesHmacSha2Properties { iv: Some("rNV49iQTT0wpQKtpj+SbUA"), mac: Some("Nqi65yXyTNe95yBmrgPxZSRML2sAvGMzFgVuTi9YpZs") }), passphrase: None }, .. }, .. } user_id=@testuser4:matrix.aibots.kz device_id=XGKCUYHGWR}
2025-08-03T18:04:14.925875Z  INFO matrix_sdk::encryption::secret_storage::secret_store: Done importing the cross signing keys | crates/matrix-sdk/src/encryption/secret_storage/secret_store.rs:394 | spans: root > recover > import_secrets{self=SecretStore { key: SecretStorageKey { storage_key_info: SecretStorageKeyEventContent { key_id: "SOLI8S87tfQr4Pbl8GMn4DVFeLHFoN7a", name: None, algorithm: V1AesHmacSha2(SecretStorageV1AesHmacSha2Properties { iv: Some("rNV49iQTT0wpQKtpj+SbUA"), mac: Some("Nqi65yXyTNe95yBmrgPxZSRML2sAvGMzFgVuTi9YpZs") }), passphrase: None }, .. }, .. } user_id=@testuser4:matrix.aibots.kz device_id=XGKCUYHGWR cross_signing_status=CrossSigningStatus { has_master: true, has_self_signing: true, has_user_signing: true }}
2025-08-03T18:04:14.925883Z  INFO matrix_sdk::encryption::secret_storage::secret_store: Successfully imported the self-signing key, attempting to sign our own device | crates/matrix-sdk/src/encryption/secret_storage/secret_store.rs:397 | spans: root > recover > import_secrets{self=SecretStore { key: SecretStorageKey { storage_key_info: SecretStorageKeyEventContent { key_id: "SOLI8S87tfQr4Pbl8GMn4DVFeLHFoN7a", name: None, algorithm: V1AesHmacSha2(SecretStorageV1AesHmacSha2Properties { iv: Some("rNV49iQTT0wpQKtpj+SbUA"), mac: Some("Nqi65yXyTNe95yBmrgPxZSRML2sAvGMzFgVuTi9YpZs") }), passphrase: None }, .. }, .. } user_id=@testuser4:matrix.aibots.kz device_id=XGKCUYHGWR cross_signing_status=CrossSigningStatus { has_master: true, has_self_signing: true, has_user_signing: true }}
2025-08-03T18:04:14.926177Z DEBUG matrix_sdk::http_client::native: Sending request num_attempt=1 | crates/matrix-sdk/src/http_client/native.rs:78 | spans: root > recover > import_secrets{self=SecretStore { key: SecretStorageKey { storage_key_info: SecretStorageKeyEventContent { key_id: "SOLI8S87tfQr4Pbl8GMn4DVFeLHFoN7a", name: None, algorithm: V1AesHmacSha2(SecretStorageV1AesHmacSha2Properties { iv: Some("rNV49iQTT0wpQKtpj+SbUA"), mac: Some("Nqi65yXyTNe95yBmrgPxZSRML2sAvGMzFgVuTi9YpZs") }), passphrase: None }, .. }, .. } user_id=@testuser4:matrix.aibots.kz device_id=XGKCUYHGWR cross_signing_status=CrossSigningStatus { has_master: true, has_self_signing: true, has_user_signing: true }} > send{request_id="REQ-36" method=POST uri="https://matrix.aibots.kz/_matrix/client/v3/keys/signatures/upload" request_size="567B"}
2025-08-03T18:04:14.927368Z  INFO elementx: Onboarding already attempted, skipping | UserSessionFlowCoordinator.swift:327 | spans: root
2025-08-03T18:04:14.933678Z DEBUG matrix_sdk::http_client: Got response | crates/matrix-sdk/src/http_client/mod.rs:214 | spans: root > next_sync_with_lock{store_generation=0} > sync_once{conn_id="encryption" pos="0/s611_17296_0_366_597_6_11_887_0_1"} > send_outgoing_requests > keys_query{request_id="d1b9e19b70ed4b0d9e5122d10f4782e4"} > update_state_after_keys_query > send{request_id="REQ-35" method=GET uri="https://matrix.aibots.kz/_matrix/client/v3/user/@testuser4:matrix.aibots.kz/account_data/m.secret_storage.default_key" status=200 response_size="42B"}
2025-08-03T18:04:14.933699Z DEBUG matrix_sdk::http_client::native: Sending request num_attempt=1 | crates/matrix-sdk/src/http_client/native.rs:78 | spans: root > next_sync_with_lock{store_generation=0} > sync_once{conn_id="encryption" pos="0/s611_17296_0_366_597_6_11_887_0_1"} > send_outgoing_requests > keys_query{request_id="d1b9e19b70ed4b0d9e5122d10f4782e4"} > update_state_after_keys_query > send{request_id="REQ-37" method=GET uri="https://matrix.aibots.kz/_matrix/client/v3/user/@testuser4:matrix.aibots.kz/account_data/m.org.matrix.custom.backup_disabled"}
2025-08-03T18:04:14.956563Z DEBUG matrix_sdk::http_client: Got response | crates/matrix-sdk/src/http_client/mod.rs:214 | spans: root > next_sync_with_lock{store_generation=0} > sync_once{conn_id="encryption" pos="0/s611_17296_0_366_597_6_11_887_0_1"} > send_outgoing_requests > keys_query{request_id="d1b9e19b70ed4b0d9e5122d10f4782e4"} > update_state_after_keys_query > send{request_id="REQ-37" method=GET uri="https://matrix.aibots.kz/_matrix/client/v3/user/@testuser4:matrix.aibots.kz/account_data/m.org.matrix.custom.backup_disabled" status=200 response_size="18B"}
2025-08-03T18:04:14.956629Z  INFO elementx: Session security state changed, verificationState: unverified, recoveryState: incomplete | UserSession.swift:47 | spans: root
2025-08-03T18:04:14.956659Z  INFO elementx: Backup state changed - Recovery: incomplete, KeyBackup: unknown | AutoRecoveryKeyService.swift:1326 | spans: root
2025-08-03T18:04:14.956679Z  INFO elementx: Recovery state changed to: incomplete, setting local state to incomplete | SecureBackupController.swift:79 | spans: root
2025-08-03T18:04:14.956739Z  INFO elementx: Onboarding already attempted, skipping | UserSessionFlowCoordinator.swift:327 | spans: root
2025-08-03T18:04:14.956984Z  INFO elementx: Session security state changed, verificationState: unverified, recoveryState: incomplete | UserSession.swift:47 | spans: root
2025-08-03T18:04:14.959142Z  INFO elementx: Onboarding already attempted, skipping | UserSessionFlowCoordinator.swift:327 | spans: root
2025-08-03T18:04:14.965723Z DEBUG matrix_sdk::http_client: Got response | crates/matrix-sdk/src/http_client/mod.rs:214 | spans: root > send{request_id="REQ-33" method=POST uri="https://matrix.aibots.kz/_matrix/client/v3/pushers/set" request_size="549B" status=200 response_size="2B"}
2025-08-03T18:04:14.965757Z  INFO elementx: [NotificationManager] ✅ ===== VoIP PUSHER REGISTRATION SUCCESS ===== | NotificationManager.swift:212 | spans: root
2025-08-03T18:04:14.965773Z  INFO elementx: [NotificationManager] ✅ Successfully registered VoIP pusher with: | NotificationManager.swift:213 | spans: root
2025-08-03T18:04:14.965787Z  INFO elementx: [NotificationManager] ✅ VoIP App ID: io.sergeyshmagin.kdbchat.debug.voip | NotificationManager.swift:214 | spans: root
2025-08-03T18:04:14.965802Z  INFO elementx: [NotificationManager] ✅ Bundle ID: io.sergeyshmagin.kdbchat | NotificationManager.swift:215 | spans: root
2025-08-03T18:04:14.965819Z  INFO elementx: [NotificationManager] ✅ Token (HEX): 6cff2606600ef2a0... | NotificationManager.swift:216 | spans: root
2025-08-03T18:04:14.965834Z  INFO elementx: [NotificationManager] ✅ Gateway: https://push.aibots.kz/_matrix/push/v1/notify | NotificationManager.swift:217 | spans: root
2025-08-03T18:04:14.965846Z  INFO elementx: [NotificationManager] ================================================ | NotificationManager.swift:218 | spans: root
2025-08-03T18:04:14.970743Z DEBUG matrix_sdk::http_client: Got response | crates/matrix-sdk/src/http_client/mod.rs:214 | spans: root > recover > import_secrets{self=SecretStore { key: SecretStorageKey { storage_key_info: SecretStorageKeyEventContent { key_id: "SOLI8S87tfQr4Pbl8GMn4DVFeLHFoN7a", name: None, algorithm: V1AesHmacSha2(SecretStorageV1AesHmacSha2Properties { iv: Some("rNV49iQTT0wpQKtpj+SbUA"), mac: Some("Nqi65yXyTNe95yBmrgPxZSRML2sAvGMzFgVuTi9YpZs") }), passphrase: None }, .. }, .. } user_id=@testuser4:matrix.aibots.kz device_id=XGKCUYHGWR cross_signing_status=CrossSigningStatus { has_master: true, has_self_signing: true, has_user_signing: true }} > send{request_id="REQ-36" method=POST uri="https://matrix.aibots.kz/_matrix/client/v3/keys/signatures/upload" request_size="567B" status=200 response_size="15B"}
2025-08-03T18:04:14.970775Z DEBUG matrix_sdk::http_client::native: Sending request num_attempt=1 | crates/matrix-sdk/src/http_client/native.rs:78 | spans: root > recover > import_secrets{self=SecretStore { key: SecretStorageKey { storage_key_info: SecretStorageKeyEventContent { key_id: "SOLI8S87tfQr4Pbl8GMn4DVFeLHFoN7a", name: None, algorithm: V1AesHmacSha2(SecretStorageV1AesHmacSha2Properties { iv: Some("rNV49iQTT0wpQKtpj+SbUA"), mac: Some("Nqi65yXyTNe95yBmrgPxZSRML2sAvGMzFgVuTi9YpZs") }), passphrase: None }, .. }, .. } user_id=@testuser4:matrix.aibots.kz device_id=XGKCUYHGWR cross_signing_status=CrossSigningStatus { has_master: true, has_self_signing: true, has_user_signing: true }} > keys_query{request_id="2059178a904d4f038d1f9f0d8f3ea267"} > send{request_id="REQ-38" method=POST uri="https://matrix.aibots.kz/_matrix/client/v3/keys/query" request_size="50B"}
2025-08-03T18:04:14.980065Z DEBUG matrix_sdk::http_client: Got response | crates/matrix-sdk/src/http_client/mod.rs:214 | spans: root > next_sync_with_lock{store_generation=0} > sync_once{conn_id="encryption" pos="0/s611_17296_0_366_597_6_11_887_0_1"} > send{request_id="REQ-31" method=POST uri="https://matrix.aibots.kz/_matrix/client/unstable/org.matrix.simplified_msc3575/sync" request_size="149B" status=200 response_size="305B"}
2025-08-03T18:04:14.980099Z DEBUG matrix_sdk_crypto::olm::account: Updated uploaded one-time key count 50 -> 100. | crates/matrix-sdk-crypto/src/olm/account.rs:548 | spans: root > next_sync_with_lock{store_generation=0} > sync_once{conn_id="encryption" pos="0/s611_17296_0_366_597_6_11_887_0_1"} > handle_response > receive_sync_changes
2025-08-03T18:04:14.982707Z  WARN matrix_sdk_crypto::backups: Trying to backup room keys but no backup key was found | crates/matrix-sdk-crypto/src/backups/mod.rs:523 | spans: root
2025-08-03T18:04:14.983129Z DEBUG matrix_sdk::http_client::native: Sending request num_attempt=1 | crates/matrix-sdk/src/http_client/native.rs:78 | spans: root > next_sync_with_lock{store_generation=0} > sync_once{conn_id="encryption" pos="0/s611_17296_0_366_597_6_11_888_0_1"} > send{request_id="REQ-39" method=POST uri="https://matrix.aibots.kz/_matrix/client/unstable/org.matrix.simplified_msc3575/sync" request_size="149B"}
2025-08-03T18:04:14.983168Z DEBUG matrix_sdk_crypto::session_manager::sessions: Collected user/device pairs that are missing an Olm session missing_session_devices_by_user={} timed_out_devices_by_user={} | crates/matrix-sdk-crypto/src/session_manager/sessions.rs:287 | spans: root > next_sync_with_lock{store_generation=0} > sync_once{conn_id="encryption" pos="0/s611_17296_0_366_597_6_11_888_0_1"} > send_outgoing_requests > get_missing_sessions
2025-08-03T18:04:14.983187Z DEBUG matrix_sdk_crypto::identities::manager: Created a /keys/query request request_id="60ff7ed7f5814233b749a9eff9891f61" users=["@testuser4:matrix.aibots.kz"] | crates/matrix-sdk-crypto/src/identities/manager.rs:877 | spans: root > next_sync_with_lock{store_generation=0} > sync_once{conn_id="encryption" pos="0/s611_17296_0_366_597_6_11_888_0_1"} > send_outgoing_requests
2025-08-03T18:04:14.983278Z DEBUG matrix_sdk::http_client::native: Sending request num_attempt=1 | crates/matrix-sdk/src/http_client/native.rs:78 | spans: root > next_sync_with_lock{store_generation=0} > sync_once{conn_id="encryption" pos="0/s611_17296_0_366_597_6_11_888_0_1"} > send_outgoing_requests > keys_query{request_id="60ff7ed7f5814233b749a9eff9891f61"} > send{request_id="REQ-40" method=POST uri="https://matrix.aibots.kz/_matrix/client/v3/keys/query" request_size="50B"}
2025-08-03T18:04:14.996996Z DEBUG matrix_sdk::http_client: Got response | crates/matrix-sdk/src/http_client/mod.rs:214 | spans: root > recover > import_secrets{self=SecretStore { key: SecretStorageKey { storage_key_info: SecretStorageKeyEventContent { key_id: "SOLI8S87tfQr4Pbl8GMn4DVFeLHFoN7a", name: None, algorithm: V1AesHmacSha2(SecretStorageV1AesHmacSha2Properties { iv: Some("rNV49iQTT0wpQKtpj+SbUA"), mac: Some("Nqi65yXyTNe95yBmrgPxZSRML2sAvGMzFgVuTi9YpZs") }), passphrase: None }, .. }, .. } user_id=@testuser4:matrix.aibots.kz device_id=XGKCUYHGWR cross_signing_status=CrossSigningStatus { has_master: true, has_self_signing: true, has_user_signing: true }} > keys_query{request_id="2059178a904d4f038d1f9f0d8f3ea267"} > send{request_id="REQ-38" method=POST uri="https://matrix.aibots.kz/_matrix/client/v3/keys/query" request_size="50B" status=200 response_size="2.1k"}
2025-08-03T18:04:14.997013Z DEBUG matrix_sdk_crypto::identities::manager: Handling a `/keys/query` response request_id="2059178a904d4f038d1f9f0d8f3ea267" users={"@testuser4:matrix.aibots.kz"} failures={} | crates/matrix-sdk-crypto/src/identities/manager.rs:135 | spans: root > recover > import_secrets{self=SecretStore { key: SecretStorageKey { storage_key_info: SecretStorageKeyEventContent { key_id: "SOLI8S87tfQr4Pbl8GMn4DVFeLHFoN7a", name: None, algorithm: V1AesHmacSha2(SecretStorageV1AesHmacSha2Properties { iv: Some("rNV49iQTT0wpQKtpj+SbUA"), mac: Some("Nqi65yXyTNe95yBmrgPxZSRML2sAvGMzFgVuTi9YpZs") }), passphrase: None }, .. }, .. } user_id=@testuser4:matrix.aibots.kz device_id=XGKCUYHGWR cross_signing_status=CrossSigningStatus { has_master: true, has_self_signing: true, has_user_signing: true }} > keys_query{request_id="2059178a904d4f038d1f9f0d8f3ea267"}
2025-08-03T18:04:14.998293Z DEBUG matrix_sdk_crypto::identities::manager: Finished handling of the `/keys/query` response request_id="2059178a904d4f038d1f9f0d8f3ea267" new_devices={} changed_devices={"@testuser4:matrix.aibots.kz": {"XGKCUYHGWR"}} deleted_devices={} new_identities={} changed_identities={} | crates/matrix-sdk-crypto/src/identities/manager.rs:1205 | spans: root > recover > import_secrets{self=SecretStore { key: SecretStorageKey { storage_key_info: SecretStorageKeyEventContent { key_id: "SOLI8S87tfQr4Pbl8GMn4DVFeLHFoN7a", name: None, algorithm: V1AesHmacSha2(SecretStorageV1AesHmacSha2Properties { iv: Some("rNV49iQTT0wpQKtpj+SbUA"), mac: Some("Nqi65yXyTNe95yBmrgPxZSRML2sAvGMzFgVuTi9YpZs") }), passphrase: None }, .. }, .. } user_id=@testuser4:matrix.aibots.kz device_id=XGKCUYHGWR cross_signing_status=CrossSigningStatus { has_master: true, has_self_signing: true, has_user_signing: true }} > keys_query{request_id="2059178a904d4f038d1f9f0d8f3ea267"}
2025-08-03T18:04:14.998323Z DEBUG matrix_sdk::http_client::native: Sending request num_attempt=1 | crates/matrix-sdk/src/http_client/native.rs:78 | spans: root > recover > import_secrets{self=SecretStore { key: SecretStorageKey { storage_key_info: SecretStorageKeyEventContent { key_id: "SOLI8S87tfQr4Pbl8GMn4DVFeLHFoN7a", name: None, algorithm: V1AesHmacSha2(SecretStorageV1AesHmacSha2Properties { iv: Some("rNV49iQTT0wpQKtpj+SbUA"), mac: Some("Nqi65yXyTNe95yBmrgPxZSRML2sAvGMzFgVuTi9YpZs") }), passphrase: None }, .. }, .. } user_id=@testuser4:matrix.aibots.kz device_id=XGKCUYHGWR cross_signing_status=CrossSigningStatus { has_master: true, has_self_signing: true, has_user_signing: true }} > keys_query{request_id="2059178a904d4f038d1f9f0d8f3ea267"} > update_state_after_keys_query > send{request_id="REQ-41" method=GET uri="https://matrix.aibots.kz/_matrix/client/v3/user/@testuser4:matrix.aibots.kz/account_data/m.secret_storage.default_key"}
2025-08-03T18:04:15.013421Z DEBUG matrix_sdk::http_client: Got response | crates/matrix-sdk/src/http_client/mod.rs:214 | spans: root > recover > import_secrets{self=SecretStore { key: SecretStorageKey { storage_key_info: SecretStorageKeyEventContent { key_id: "SOLI8S87tfQr4Pbl8GMn4DVFeLHFoN7a", name: None, algorithm: V1AesHmacSha2(SecretStorageV1AesHmacSha2Properties { iv: Some("rNV49iQTT0wpQKtpj+SbUA"), mac: Some("Nqi65yXyTNe95yBmrgPxZSRML2sAvGMzFgVuTi9YpZs") }), passphrase: None }, .. }, .. } user_id=@testuser4:matrix.aibots.kz device_id=XGKCUYHGWR cross_signing_status=CrossSigningStatus { has_master: true, has_self_signing: true, has_user_signing: true }} > keys_query{request_id="2059178a904d4f038d1f9f0d8f3ea267"} > update_state_after_keys_query > send{request_id="REQ-41" method=GET uri="https://matrix.aibots.kz/_matrix/client/v3/user/@testuser4:matrix.aibots.kz/account_data/m.secret_storage.default_key" status=200 response_size="42B"}
2025-08-03T18:04:15.013450Z DEBUG matrix_sdk::http_client::native: Sending request num_attempt=1 | crates/matrix-sdk/src/http_client/native.rs:78 | spans: root > recover > import_secrets{self=SecretStore { key: SecretStorageKey { storage_key_info: SecretStorageKeyEventContent { key_id: "SOLI8S87tfQr4Pbl8GMn4DVFeLHFoN7a", name: None, algorithm: V1AesHmacSha2(SecretStorageV1AesHmacSha2Properties { iv: Some("rNV49iQTT0wpQKtpj+SbUA"), mac: Some("Nqi65yXyTNe95yBmrgPxZSRML2sAvGMzFgVuTi9YpZs") }), passphrase: None }, .. }, .. } user_id=@testuser4:matrix.aibots.kz device_id=XGKCUYHGWR cross_signing_status=CrossSigningStatus { has_master: true, has_self_signing: true, has_user_signing: true }} > keys_query{request_id="2059178a904d4f038d1f9f0d8f3ea267"} > update_state_after_keys_query > send{request_id="REQ-42" method=GET uri="https://matrix.aibots.kz/_matrix/client/v3/user/@testuser4:matrix.aibots.kz/account_data/m.org.matrix.custom.backup_disabled"}
2025-08-03T18:04:15.014712Z DEBUG matrix_sdk::http_client: Got response | crates/matrix-sdk/src/http_client/mod.rs:214 | spans: root > next_sync_with_lock{store_generation=0} > sync_once{conn_id="encryption" pos="0/s611_17296_0_366_597_6_11_888_0_1"} > send_outgoing_requests > keys_query{request_id="60ff7ed7f5814233b749a9eff9891f61"} > send{request_id="REQ-40" method=POST uri="https://matrix.aibots.kz/_matrix/client/v3/keys/query" request_size="50B" status=200 response_size="2.1k"}
2025-08-03T18:04:15.014855Z DEBUG matrix_sdk_crypto::identities::manager: Handling a `/keys/query` response request_id="60ff7ed7f5814233b749a9eff9891f61" users={"@testuser4:matrix.aibots.kz"} failures={} | crates/matrix-sdk-crypto/src/identities/manager.rs:135 | spans: root > next_sync_with_lock{store_generation=0} > sync_once{conn_id="encryption" pos="0/s611_17296_0_366_597_6_11_888_0_1"} > send_outgoing_requests > keys_query{request_id="60ff7ed7f5814233b749a9eff9891f61"}
2025-08-03T18:04:15.015765Z DEBUG matrix_sdk_crypto::identities::manager: Finished handling of the `/keys/query` response request_id="60ff7ed7f5814233b749a9eff9891f61" new_devices={} changed_devices={} deleted_devices={} new_identities={} changed_identities={} | crates/matrix-sdk-crypto/src/identities/manager.rs:1205 | spans: root > next_sync_with_lock{store_generation=0} > sync_once{conn_id="encryption" pos="0/s611_17296_0_366_597_6_11_888_0_1"} > send_outgoing_requests > keys_query{request_id="60ff7ed7f5814233b749a9eff9891f61"}
2025-08-03T18:04:15.015795Z DEBUG matrix_sdk::http_client::native: Sending request num_attempt=1 | crates/matrix-sdk/src/http_client/native.rs:78 | spans: root > next_sync_with_lock{store_generation=0} > sync_once{conn_id="encryption" pos="0/s611_17296_0_366_597_6_11_888_0_1"} > send_outgoing_requests > keys_query{request_id="60ff7ed7f5814233b749a9eff9891f61"} > update_state_after_keys_query > send{request_id="REQ-43" method=GET uri="https://matrix.aibots.kz/_matrix/client/v3/user/@testuser4:matrix.aibots.kz/account_data/m.secret_storage.default_key"}
2025-08-03T18:04:15.031461Z DEBUG matrix_sdk::http_client: Got response | crates/matrix-sdk/src/http_client/mod.rs:214 | spans: root > next_sync_with_lock{store_generation=0} > sync_once{conn_id="encryption" pos="0/s611_17296_0_366_597_6_11_888_0_1"} > send_outgoing_requests > keys_query{request_id="60ff7ed7f5814233b749a9eff9891f61"} > update_state_after_keys_query > send{request_id="REQ-43" method=GET uri="https://matrix.aibots.kz/_matrix/client/v3/user/@testuser4:matrix.aibots.kz/account_data/m.secret_storage.default_key" status=200 response_size="42B"}
2025-08-03T18:04:15.031490Z DEBUG matrix_sdk::http_client::native: Sending request num_attempt=1 | crates/matrix-sdk/src/http_client/native.rs:78 | spans: root > next_sync_with_lock{store_generation=0} > sync_once{conn_id="encryption" pos="0/s611_17296_0_366_597_6_11_888_0_1"} > send_outgoing_requests > keys_query{request_id="60ff7ed7f5814233b749a9eff9891f61"} > update_state_after_keys_query > send{request_id="REQ-44" method=GET uri="https://matrix.aibots.kz/_matrix/client/v3/user/@testuser4:matrix.aibots.kz/account_data/m.org.matrix.custom.backup_disabled"}
2025-08-03T18:04:15.034865Z DEBUG matrix_sdk::http_client: Got response | crates/matrix-sdk/src/http_client/mod.rs:214 | spans: root > recover > import_secrets{self=SecretStore { key: SecretStorageKey { storage_key_info: SecretStorageKeyEventContent { key_id: "SOLI8S87tfQr4Pbl8GMn4DVFeLHFoN7a", name: None, algorithm: V1AesHmacSha2(SecretStorageV1AesHmacSha2Properties { iv: Some("rNV49iQTT0wpQKtpj+SbUA"), mac: Some("Nqi65yXyTNe95yBmrgPxZSRML2sAvGMzFgVuTi9YpZs") }), passphrase: None }, .. }, .. } user_id=@testuser4:matrix.aibots.kz device_id=XGKCUYHGWR cross_signing_status=CrossSigningStatus { has_master: true, has_self_signing: true, has_user_signing: true }} > keys_query{request_id="2059178a904d4f038d1f9f0d8f3ea267"} > update_state_after_keys_query > send{request_id="REQ-42" method=GET uri="https://matrix.aibots.kz/_matrix/client/v3/user/@testuser4:matrix.aibots.kz/account_data/m.org.matrix.custom.backup_disabled" status=200 response_size="18B"}
2025-08-03T18:04:15.034944Z  INFO elementx: Session security state changed, verificationState: unverified, recoveryState: incomplete | UserSession.swift:47 | spans: root
2025-08-03T18:04:15.035041Z  INFO elementx: Backup state changed - Recovery: incomplete, KeyBackup: unknown | AutoRecoveryKeyService.swift:1326 | spans: root
2025-08-03T18:04:15.035074Z  INFO elementx: Recovery state changed to: incomplete, setting local state to incomplete | SecureBackupController.swift:79 | spans: root
2025-08-03T18:04:15.035113Z  INFO elementx: Onboarding already attempted, skipping | UserSessionFlowCoordinator.swift:327 | spans: root
2025-08-03T18:04:15.035402Z  INFO matrix_sdk::encryption::secret_storage::secret_store: Successfully signed our own device, the device is now verified | crates/matrix-sdk/src/encryption/secret_storage/secret_store.rs:411 | spans: root > recover > import_secrets{self=SecretStore { key: SecretStorageKey { storage_key_info: SecretStorageKeyEventContent { key_id: "SOLI8S87tfQr4Pbl8GMn4DVFeLHFoN7a", name: None, algorithm: V1AesHmacSha2(SecretStorageV1AesHmacSha2Properties { iv: Some("rNV49iQTT0wpQKtpj+SbUA"), mac: Some("Nqi65yXyTNe95yBmrgPxZSRML2sAvGMzFgVuTi9YpZs") }), passphrase: None }, .. }, .. } user_id=@testuser4:matrix.aibots.kz device_id=XGKCUYHGWR cross_signing_status=CrossSigningStatus { has_master: true, has_self_signing: true, has_user_signing: true }}
2025-08-03T18:04:15.035433Z DEBUG matrix_sdk::http_client::native: Sending request num_attempt=1 | crates/matrix-sdk/src/http_client/native.rs:78 | spans: root > recover > import_secrets{self=SecretStore { key: SecretStorageKey { storage_key_info: SecretStorageKeyEventContent { key_id: "SOLI8S87tfQr4Pbl8GMn4DVFeLHFoN7a", name: None, algorithm: V1AesHmacSha2(SecretStorageV1AesHmacSha2Properties { iv: Some("rNV49iQTT0wpQKtpj+SbUA"), mac: Some("Nqi65yXyTNe95yBmrgPxZSRML2sAvGMzFgVuTi9YpZs") }), passphrase: None }, .. }, .. } user_id=@testuser4:matrix.aibots.kz device_id=XGKCUYHGWR cross_signing_status=CrossSigningStatus { has_master: true, has_self_signing: true, has_user_signing: true }} > send{request_id="REQ-45" method=GET uri="https://matrix.aibots.kz/_matrix/client/v3/user/@testuser4:matrix.aibots.kz/account_data/m.megolm_backup.v1"}
2025-08-03T18:04:15.035523Z  INFO elementx: Session security state changed, verificationState: verified, recoveryState: incomplete | UserSession.swift:47 | spans: root
2025-08-03T18:04:15.038833Z  INFO elementx: Onboarding already attempted, skipping | UserSessionFlowCoordinator.swift:327 | spans: root
2025-08-03T18:04:15.042492Z DEBUG matrix_sdk::http_client: Got response | crates/matrix-sdk/src/http_client/mod.rs:214 | spans: root > next_sync_with_lock{store_generation=0} > sync_once{conn_id="encryption" pos="0/s611_17296_0_366_597_6_11_888_0_1"} > send_outgoing_requests > keys_query{request_id="60ff7ed7f5814233b749a9eff9891f61"} > update_state_after_keys_query > send{request_id="REQ-44" method=GET uri="https://matrix.aibots.kz/_matrix/client/v3/user/@testuser4:matrix.aibots.kz/account_data/m.org.matrix.custom.backup_disabled" status=200 response_size="18B"}
2025-08-03T18:04:15.042550Z  INFO elementx: Session security state changed, verificationState: verified, recoveryState: incomplete | UserSession.swift:47 | spans: root
2025-08-03T18:04:15.042587Z  INFO elementx: Backup state changed - Recovery: incomplete, KeyBackup: unknown | AutoRecoveryKeyService.swift:1326 | spans: root
2025-08-03T18:04:15.042615Z  INFO elementx: Recovery state changed to: incomplete, setting local state to incomplete | SecureBackupController.swift:79 | spans: root
2025-08-03T18:04:15.042685Z  INFO elementx: Onboarding already attempted, skipping | UserSessionFlowCoordinator.swift:327 | spans: root
2025-08-03T18:04:15.042993Z  INFO elementx: Session security state changed, verificationState: verified, recoveryState: incomplete | UserSession.swift:47 | spans: root
2025-08-03T18:04:15.046914Z  INFO elementx: Onboarding already attempted, skipping | UserSessionFlowCoordinator.swift:327 | spans: root
2025-08-03T18:04:15.062852Z DEBUG matrix_sdk::http_client: Error while sending request: Api(Server(ClientApi(Error { status_code: 404, body: Standard { kind: NotFound, message: "Account data not found" } }))) | crates/matrix-sdk/src/http_client/mod.rs:218 | spans: root > recover > import_secrets{self=SecretStore { key: SecretStorageKey { storage_key_info: SecretStorageKeyEventContent { key_id: "SOLI8S87tfQr4Pbl8GMn4DVFeLHFoN7a", name: None, algorithm: V1AesHmacSha2(SecretStorageV1AesHmacSha2Properties { iv: Some("rNV49iQTT0wpQKtpj+SbUA"), mac: Some("Nqi65yXyTNe95yBmrgPxZSRML2sAvGMzFgVuTi9YpZs") }), passphrase: None }, .. }, .. } user_id=@testuser4:matrix.aibots.kz device_id=XGKCUYHGWR cross_signing_status=CrossSigningStatus { has_master: true, has_self_signing: true, has_user_signing: true }} > send{request_id="REQ-45" method=GET uri="https://matrix.aibots.kz/_matrix/client/v3/user/@testuser4:matrix.aibots.kz/account_data/m.megolm_backup.v1" status=404 response_size="58B"}
2025-08-03T18:04:15.062870Z  INFO matrix_sdk::encryption::secret_storage::secret_store: No backup recovery key found. | crates/matrix-sdk/src/encryption/secret_storage/secret_store.rs:308 | spans: root > recover > import_secrets{self=SecretStore { key: SecretStorageKey { storage_key_info: SecretStorageKeyEventContent { key_id: "SOLI8S87tfQr4Pbl8GMn4DVFeLHFoN7a", name: None, algorithm: V1AesHmacSha2(SecretStorageV1AesHmacSha2Properties { iv: Some("rNV49iQTT0wpQKtpj+SbUA"), mac: Some("Nqi65yXyTNe95yBmrgPxZSRML2sAvGMzFgVuTi9YpZs") }), passphrase: None }, .. }, .. } user_id=@testuser4:matrix.aibots.kz device_id=XGKCUYHGWR cross_signing_status=CrossSigningStatus { has_master: true, has_self_signing: true, has_user_signing: true }}
2025-08-03T18:04:15.062971Z DEBUG matrix_sdk::http_client::native: Sending request num_attempt=1 | crates/matrix-sdk/src/http_client/native.rs:78 | spans: root > recover > send{request_id="REQ-46" method=GET uri="https://matrix.aibots.kz/_matrix/client/v3/user/@testuser4:matrix.aibots.kz/account_data/m.secret_storage.default_key"}
2025-08-03T18:04:15.078450Z DEBUG matrix_sdk::http_client: Got response | crates/matrix-sdk/src/http_client/mod.rs:214 | spans: root > recover > send{request_id="REQ-46" method=GET uri="https://matrix.aibots.kz/_matrix/client/v3/user/@testuser4:matrix.aibots.kz/account_data/m.secret_storage.default_key" status=200 response_size="42B"}
2025-08-03T18:04:15.078491Z DEBUG matrix_sdk::http_client::native: Sending request num_attempt=1 | crates/matrix-sdk/src/http_client/native.rs:78 | spans: root > recover > send{request_id="REQ-47" method=GET uri="https://matrix.aibots.kz/_matrix/client/v3/user/@testuser4:matrix.aibots.kz/account_data/m.org.matrix.custom.backup_disabled"}
2025-08-03T18:04:15.092731Z DEBUG matrix_sdk::http_client: Got response | crates/matrix-sdk/src/http_client/mod.rs:214 | spans: root > recover > send{request_id="REQ-47" method=GET uri="https://matrix.aibots.kz/_matrix/client/v3/user/@testuser4:matrix.aibots.kz/account_data/m.org.matrix.custom.backup_disabled" status=200 response_size="18B"}
2025-08-03T18:04:15.092813Z  INFO elementx: [AutoRecovery] ✅ Successfully recovered from existing key | AutoRecoveryKeyService.swift:213 | spans: root
2025-08-03T18:04:15.092832Z  INFO elementx: Session security state changed, verificationState: verified, recoveryState: incomplete | UserSession.swift:47 | spans: root
2025-08-03T18:04:15.092881Z  INFO elementx: Backup state changed - Recovery: incomplete, KeyBackup: unknown | AutoRecoveryKeyService.swift:1326 | spans: root
2025-08-03T18:04:15.092921Z  INFO elementx: Recovery state changed to: incomplete, setting local state to incomplete | SecureBackupController.swift:79 | spans: root
2025-08-03T18:04:15.100162Z  INFO elementx: [AutoRecovery] Recovery state changed from validating to active(createdAt: 2025-08-03 18:04:15 +0000) in context: recoverFromExistingKey success | AutoRecoveryKeyService.swift:213 | spans: root
2025-08-03T18:04:15.100195Z  INFO elementx: [AutoRecovery] Waiting for UI state synchronization after successful recovery | AutoRecoveryKeyService.swift:213 | spans: root
2025-08-03T18:04:15.100224Z  INFO elementx: [AutoRecovery] 🔄 Waiting for recovery state to update to: enabled | AutoRecoveryKeyService.swift:213 | spans: root
2025-08-03T18:04:15.100256Z  INFO elementx: [AutoRecovery] Current recovery state during wait: incomplete, expected: enabled | AutoRecoveryKeyService.swift:213 | spans: root
2025-08-03T18:04:15.101161Z  INFO elementx: Onboarding already attempted, skipping | UserSessionFlowCoordinator.swift:327 | spans: root
2025-08-03T18:04:15.314360Z  INFO elementx: [AutoRecovery] Current recovery state during wait: incomplete, expected: enabled | AutoRecoveryKeyService.swift:213 | spans: root
2025-08-03T18:04:15.534113Z  INFO elementx: [AutoRecovery] Current recovery state during wait: incomplete, expected: enabled | AutoRecoveryKeyService.swift:213 | spans: root
2025-08-03T18:04:15.709578Z  INFO elementx: Send queue status changed to enabled: false, reachability: reachable | ClientProxy.swift:236 | spans: root
2025-08-03T18:04:15.709617Z  INFO elementx: Enabling all send queues | ClientProxy.swift:239 | spans: root
2025-08-03T18:04:15.745739Z  INFO elementx: [AutoRecovery] Current recovery state during wait: incomplete, expected: enabled | AutoRecoveryKeyService.swift:213 | spans: root
2025-08-03T18:04:15.954239Z  INFO elementx: [AutoRecovery] Current recovery state during wait: incomplete, expected: enabled | AutoRecoveryKeyService.swift:213 | spans: root
2025-08-03T18:04:16.162007Z  INFO elementx: [AutoRecovery] Current recovery state during wait: incomplete, expected: enabled | AutoRecoveryKeyService.swift:213 | spans: root
2025-08-03T18:04:16.370234Z  INFO elementx: [AutoRecovery] Current recovery state during wait: incomplete, expected: enabled | AutoRecoveryKeyService.swift:213 | spans: root
2025-08-03T18:04:16.571146Z  INFO elementx: [AutoRecovery] Current recovery state during wait: incomplete, expected: enabled | AutoRecoveryKeyService.swift:213 | spans: root
2025-08-03T18:04:16.778974Z  INFO elementx: [AutoRecovery] Current recovery state during wait: incomplete, expected: enabled | AutoRecoveryKeyService.swift:213 | spans: root
2025-08-03T18:04:16.895601Z  INFO elementx: [AutoRecovery] 🔍 Post-login recovery state analysis: incomplete | AutoRecoveryKeyService.swift:213 | spans: root
2025-08-03T18:04:16.912715Z  INFO elementx: [AutoRecovery] 🔐 Keychain availability: ✅ Available | AutoRecoveryKeyService.swift:213 | spans: root
2025-08-03T18:04:16.922753Z  INFO elementx: SSSS recovery key retrieved for user: @testuser4:matrix.aibots.kz | KeychainController.swift:234 | spans: root
2025-08-03T18:04:16.922888Z  INFO elementx: [AutoRecovery] Found existing local recovery key in getExistingLocalRecoveryKey: preview=EsTF aqXx ... 4r6y | AutoRecoveryKeyService.swift:213 | spans: root
2025-08-03T18:04:16.923119Z  INFO elementx: [AutoRecovery] Recovery key validation: length=48, preview=EsTFaqXxW9...d4r6y | AutoRecoveryKeyService.swift:213 | spans: root
2025-08-03T18:04:16.924217Z  INFO elementx: [AutoRecovery] Recovery key structure validation passed - correct Matrix format | AutoRecoveryKeyService.swift:213 | spans: root
2025-08-03T18:04:16.924284Z  INFO elementx: [AutoRecovery] Recovery key passed full Matrix specification validation | AutoRecoveryKeyService.swift:213 | spans: root
2025-08-03T18:04:16.924342Z  INFO elementx: [AutoRecovery] Recovery key format validation passed | AutoRecoveryKeyService.swift:213 | spans: root
2025-08-03T18:04:16.924401Z  INFO elementx: [AutoRecovery] Found local key and recovery is incomplete - attempting to complete setup | AutoRecoveryKeyService.swift:213 | spans: root
2025-08-03T18:04:16.924461Z  INFO elementx: [AutoRecovery] Attempting to recover from existing local key | AutoRecoveryKeyService.swift:213 | spans: root
2025-08-03T18:04:16.924706Z  INFO elementx: [AutoRecovery] Recovery state changed from active(createdAt: 2025-08-03 18:04:15 +0000) to validating in context: recoverFromExistingKey | AutoRecoveryKeyService.swift:213 | spans: root
2025-08-03T18:04:16.924822Z  INFO elementx: Confirming recovery key | SecureBackupController.swift:148 | spans: root
2025-08-03T18:04:16.924962Z DEBUG matrix_sdk::http_client::native: Sending request num_attempt=1 | crates/matrix-sdk/src/http_client/native.rs:78 | spans: root > recover > send{request_id="REQ-48" method=GET uri="https://matrix.aibots.kz/_matrix/client/v3/user/@testuser4:matrix.aibots.kz/account_data/m.secret_storage.default_key"}
2025-08-03T18:04:16.945008Z DEBUG matrix_sdk::http_client: Got response | crates/matrix-sdk/src/http_client/mod.rs:214 | spans: root > recover > send{request_id="REQ-48" method=GET uri="https://matrix.aibots.kz/_matrix/client/v3/user/@testuser4:matrix.aibots.kz/account_data/m.secret_storage.default_key" status=200 response_size="42B"}
2025-08-03T18:04:16.945226Z DEBUG matrix_sdk::http_client::native: Sending request num_attempt=1 | crates/matrix-sdk/src/http_client/native.rs:78 | spans: root > recover > send{request_id="REQ-49" method=GET uri="https://matrix.aibots.kz/_matrix/client/v3/user/@testuser4:matrix.aibots.kz/account_data/m.secret_storage.key.SOLI8S87tfQr4Pbl8GMn4DVFeLHFoN7a"}
2025-08-03T18:04:16.961510Z DEBUG matrix_sdk::http_client: Got response | crates/matrix-sdk/src/http_client/mod.rs:214 | spans: root > recover > send{request_id="REQ-49" method=GET uri="https://matrix.aibots.kz/_matrix/client/v3/user/@testuser4:matrix.aibots.kz/account_data/m.secret_storage.key.SOLI8S87tfQr4Pbl8GMn4DVFeLHFoN7a" status=200 response_size="143B"}
2025-08-03T18:04:16.961803Z  INFO matrix_sdk::encryption::secret_storage::secret_store: Fetching the private cross-signing keys from the secret store | crates/matrix-sdk/src/encryption/secret_storage/secret_store.rs:373 | spans: root > recover > import_secrets{self=SecretStore { key: SecretStorageKey { storage_key_info: SecretStorageKeyEventContent { key_id: "SOLI8S87tfQr4Pbl8GMn4DVFeLHFoN7a", name: None, algorithm: V1AesHmacSha2(SecretStorageV1AesHmacSha2Properties { iv: Some("rNV49iQTT0wpQKtpj+SbUA"), mac: Some("Nqi65yXyTNe95yBmrgPxZSRML2sAvGMzFgVuTi9YpZs") }), passphrase: None }, .. }, .. } user_id=@testuser4:matrix.aibots.kz device_id=XGKCUYHGWR}
2025-08-03T18:04:16.961968Z DEBUG matrix_sdk::http_client::native: Sending request num_attempt=1 | crates/matrix-sdk/src/http_client/native.rs:78 | spans: root > recover > import_secrets{self=SecretStore { key: SecretStorageKey { storage_key_info: SecretStorageKeyEventContent { key_id: "SOLI8S87tfQr4Pbl8GMn4DVFeLHFoN7a", name: None, algorithm: V1AesHmacSha2(SecretStorageV1AesHmacSha2Properties { iv: Some("rNV49iQTT0wpQKtpj+SbUA"), mac: Some("Nqi65yXyTNe95yBmrgPxZSRML2sAvGMzFgVuTi9YpZs") }), passphrase: None }, .. }, .. } user_id=@testuser4:matrix.aibots.kz device_id=XGKCUYHGWR} > send{request_id="REQ-50" method=GET uri="https://matrix.aibots.kz/_matrix/client/v3/user/@testuser4:matrix.aibots.kz/account_data/m.cross_signing.master"}
2025-08-03T18:04:16.975182Z DEBUG matrix_sdk::http_client: Got response | crates/matrix-sdk/src/http_client/mod.rs:214 | spans: root > recover > import_secrets{self=SecretStore { key: SecretStorageKey { storage_key_info: SecretStorageKeyEventContent { key_id: "SOLI8S87tfQr4Pbl8GMn4DVFeLHFoN7a", name: None, algorithm: V1AesHmacSha2(SecretStorageV1AesHmacSha2Properties { iv: Some("rNV49iQTT0wpQKtpj+SbUA"), mac: Some("Nqi65yXyTNe95yBmrgPxZSRML2sAvGMzFgVuTi9YpZs") }), passphrase: None }, .. }, .. } user_id=@testuser4:matrix.aibots.kz device_id=XGKCUYHGWR} > send{request_id="REQ-50" method=GET uri="https://matrix.aibots.kz/_matrix/client/v3/user/@testuser4:matrix.aibots.kz/account_data/m.cross_signing.master" status=200 response_size="208B"}
2025-08-03T18:04:16.975461Z DEBUG matrix_sdk::http_client::native: Sending request num_attempt=1 | crates/matrix-sdk/src/http_client/native.rs:78 | spans: root > recover > import_secrets{self=SecretStore { key: SecretStorageKey { storage_key_info: SecretStorageKeyEventContent { key_id: "SOLI8S87tfQr4Pbl8GMn4DVFeLHFoN7a", name: None, algorithm: V1AesHmacSha2(SecretStorageV1AesHmacSha2Properties { iv: Some("rNV49iQTT0wpQKtpj+SbUA"), mac: Some("Nqi65yXyTNe95yBmrgPxZSRML2sAvGMzFgVuTi9YpZs") }), passphrase: None }, .. }, .. } user_id=@testuser4:matrix.aibots.kz device_id=XGKCUYHGWR} > send{request_id="REQ-51" method=GET uri="https://matrix.aibots.kz/_matrix/client/v3/user/@testuser4:matrix.aibots.kz/account_data/m.cross_signing.self_signing"}
2025-08-03T18:04:16.981524Z  INFO elementx: [AutoRecovery] Current recovery state during wait: incomplete, expected: enabled | AutoRecoveryKeyService.swift:213 | spans: root
2025-08-03T18:04:16.991259Z DEBUG matrix_sdk::http_client: Got response | crates/matrix-sdk/src/http_client/mod.rs:214 | spans: root > recover > import_secrets{self=SecretStore { key: SecretStorageKey { storage_key_info: SecretStorageKeyEventContent { key_id: "SOLI8S87tfQr4Pbl8GMn4DVFeLHFoN7a", name: None, algorithm: V1AesHmacSha2(SecretStorageV1AesHmacSha2Properties { iv: Some("rNV49iQTT0wpQKtpj+SbUA"), mac: Some("Nqi65yXyTNe95yBmrgPxZSRML2sAvGMzFgVuTi9YpZs") }), passphrase: None }, .. }, .. } user_id=@testuser4:matrix.aibots.kz device_id=XGKCUYHGWR} > send{request_id="REQ-51" method=GET uri="https://matrix.aibots.kz/_matrix/client/v3/user/@testuser4:matrix.aibots.kz/account_data/m.cross_signing.self_signing" status=200 response_size="208B"}
2025-08-03T18:04:16.991519Z DEBUG matrix_sdk::http_client::native: Sending request num_attempt=1 | crates/matrix-sdk/src/http_client/native.rs:78 | spans: root > recover > import_secrets{self=SecretStore { key: SecretStorageKey { storage_key_info: SecretStorageKeyEventContent { key_id: "SOLI8S87tfQr4Pbl8GMn4DVFeLHFoN7a", name: None, algorithm: V1AesHmacSha2(SecretStorageV1AesHmacSha2Properties { iv: Some("rNV49iQTT0wpQKtpj+SbUA"), mac: Some("Nqi65yXyTNe95yBmrgPxZSRML2sAvGMzFgVuTi9YpZs") }), passphrase: None }, .. }, .. } user_id=@testuser4:matrix.aibots.kz device_id=XGKCUYHGWR} > send{request_id="REQ-52" method=GET uri="https://matrix.aibots.kz/_matrix/client/v3/user/@testuser4:matrix.aibots.kz/account_data/m.cross_signing.user_signing"}
2025-08-03T18:04:17.005180Z DEBUG matrix_sdk::http_client: Got response | crates/matrix-sdk/src/http_client/mod.rs:214 | spans: root > recover > import_secrets{self=SecretStore { key: SecretStorageKey { storage_key_info: SecretStorageKeyEventContent { key_id: "SOLI8S87tfQr4Pbl8GMn4DVFeLHFoN7a", name: None, algorithm: V1AesHmacSha2(SecretStorageV1AesHmacSha2Properties { iv: Some("rNV49iQTT0wpQKtpj+SbUA"), mac: Some("Nqi65yXyTNe95yBmrgPxZSRML2sAvGMzFgVuTi9YpZs") }), passphrase: None }, .. }, .. } user_id=@testuser4:matrix.aibots.kz device_id=XGKCUYHGWR} > send{request_id="REQ-52" method=GET uri="https://matrix.aibots.kz/_matrix/client/v3/user/@testuser4:matrix.aibots.kz/account_data/m.cross_signing.user_signing" status=200 response_size="208B"}
2025-08-03T18:04:17.005375Z  INFO matrix_sdk::encryption::secret_storage::secret_store: Received the cross signing keys from the server cross_signing_keys=CrossSigningKeyExport { master_key: true, self_signing_key: true, user_signing_key: true, .. } | crates/matrix-sdk/src/encryption/secret_storage/secret_store.rs:378 | spans: root > recover > import_secrets{self=SecretStore { key: SecretStorageKey { storage_key_info: SecretStorageKeyEventContent { key_id: "SOLI8S87tfQr4Pbl8GMn4DVFeLHFoN7a", name: None, algorithm: V1AesHmacSha2(SecretStorageV1AesHmacSha2Properties { iv: Some("rNV49iQTT0wpQKtpj+SbUA"), mac: Some("Nqi65yXyTNe95yBmrgPxZSRML2sAvGMzFgVuTi9YpZs") }), passphrase: None }, .. }, .. } user_id=@testuser4:matrix.aibots.kz device_id=XGKCUYHGWR}
2025-08-03T18:04:17.005575Z DEBUG matrix_sdk::http_client::native: Sending request num_attempt=1 | crates/matrix-sdk/src/http_client/native.rs:78 | spans: root > recover > import_secrets{self=SecretStore { key: SecretStorageKey { storage_key_info: SecretStorageKeyEventContent { key_id: "SOLI8S87tfQr4Pbl8GMn4DVFeLHFoN7a", name: None, algorithm: V1AesHmacSha2(SecretStorageV1AesHmacSha2Properties { iv: Some("rNV49iQTT0wpQKtpj+SbUA"), mac: Some("Nqi65yXyTNe95yBmrgPxZSRML2sAvGMzFgVuTi9YpZs") }), passphrase: None }, .. }, .. } user_id=@testuser4:matrix.aibots.kz device_id=XGKCUYHGWR} > keys_query{request_id="7ef257618c6e43c586a8699be0ab48b2"} > send{request_id="REQ-53" method=POST uri="https://matrix.aibots.kz/_matrix/client/v3/keys/query" request_size="50B"}
2025-08-03T18:04:17.034241Z DEBUG matrix_sdk::http_client: Got response | crates/matrix-sdk/src/http_client/mod.rs:214 | spans: root > recover > import_secrets{self=SecretStore { key: SecretStorageKey { storage_key_info: SecretStorageKeyEventContent { key_id: "SOLI8S87tfQr4Pbl8GMn4DVFeLHFoN7a", name: None, algorithm: V1AesHmacSha2(SecretStorageV1AesHmacSha2Properties { iv: Some("rNV49iQTT0wpQKtpj+SbUA"), mac: Some("Nqi65yXyTNe95yBmrgPxZSRML2sAvGMzFgVuTi9YpZs") }), passphrase: None }, .. }, .. } user_id=@testuser4:matrix.aibots.kz device_id=XGKCUYHGWR} > keys_query{request_id="7ef257618c6e43c586a8699be0ab48b2"} > send{request_id="REQ-53" method=POST uri="https://matrix.aibots.kz/_matrix/client/v3/keys/query" request_size="50B" status=200 response_size="2.1k"}
2025-08-03T18:04:17.034306Z DEBUG matrix_sdk_crypto::identities::manager: Handling a `/keys/query` response request_id="7ef257618c6e43c586a8699be0ab48b2" users={"@testuser4:matrix.aibots.kz"} failures={} | crates/matrix-sdk-crypto/src/identities/manager.rs:135 | spans: root > recover > import_secrets{self=SecretStore { key: SecretStorageKey { storage_key_info: SecretStorageKeyEventContent { key_id: "SOLI8S87tfQr4Pbl8GMn4DVFeLHFoN7a", name: None, algorithm: V1AesHmacSha2(SecretStorageV1AesHmacSha2Properties { iv: Some("rNV49iQTT0wpQKtpj+SbUA"), mac: Some("Nqi65yXyTNe95yBmrgPxZSRML2sAvGMzFgVuTi9YpZs") }), passphrase: None }, .. }, .. } user_id=@testuser4:matrix.aibots.kz device_id=XGKCUYHGWR} > keys_query{request_id="7ef257618c6e43c586a8699be0ab48b2"}
2025-08-03T18:04:17.040737Z DEBUG matrix_sdk_crypto::identities::manager: Finished handling of the `/keys/query` response request_id="7ef257618c6e43c586a8699be0ab48b2" new_devices={} changed_devices={} deleted_devices={} new_identities={} changed_identities={} | crates/matrix-sdk-crypto/src/identities/manager.rs:1205 | spans: root > recover > import_secrets{self=SecretStore { key: SecretStorageKey { storage_key_info: SecretStorageKeyEventContent { key_id: "SOLI8S87tfQr4Pbl8GMn4DVFeLHFoN7a", name: None, algorithm: V1AesHmacSha2(SecretStorageV1AesHmacSha2Properties { iv: Some("rNV49iQTT0wpQKtpj+SbUA"), mac: Some("Nqi65yXyTNe95yBmrgPxZSRML2sAvGMzFgVuTi9YpZs") }), passphrase: None }, .. }, .. } user_id=@testuser4:matrix.aibots.kz device_id=XGKCUYHGWR} > keys_query{request_id="7ef257618c6e43c586a8699be0ab48b2"}
2025-08-03T18:04:17.040945Z DEBUG matrix_sdk::http_client::native: Sending request num_attempt=1 | crates/matrix-sdk/src/http_client/native.rs:78 | spans: root > recover > import_secrets{self=SecretStore { key: SecretStorageKey { storage_key_info: SecretStorageKeyEventContent { key_id: "SOLI8S87tfQr4Pbl8GMn4DVFeLHFoN7a", name: None, algorithm: V1AesHmacSha2(SecretStorageV1AesHmacSha2Properties { iv: Some("rNV49iQTT0wpQKtpj+SbUA"), mac: Some("Nqi65yXyTNe95yBmrgPxZSRML2sAvGMzFgVuTi9YpZs") }), passphrase: None }, .. }, .. } user_id=@testuser4:matrix.aibots.kz device_id=XGKCUYHGWR} > keys_query{request_id="7ef257618c6e43c586a8699be0ab48b2"} > update_state_after_keys_query > send{request_id="REQ-54" method=GET uri="https://matrix.aibots.kz/_matrix/client/v3/user/@testuser4:matrix.aibots.kz/account_data/m.secret_storage.default_key"}
2025-08-03T18:04:17.055323Z DEBUG matrix_sdk::http_client: Got response | crates/matrix-sdk/src/http_client/mod.rs:214 | spans: root > recover > import_secrets{self=SecretStore { key: SecretStorageKey { storage_key_info: SecretStorageKeyEventContent { key_id: "SOLI8S87tfQr4Pbl8GMn4DVFeLHFoN7a", name: None, algorithm: V1AesHmacSha2(SecretStorageV1AesHmacSha2Properties { iv: Some("rNV49iQTT0wpQKtpj+SbUA"), mac: Some("Nqi65yXyTNe95yBmrgPxZSRML2sAvGMzFgVuTi9YpZs") }), passphrase: None }, .. }, .. } user_id=@testuser4:matrix.aibots.kz device_id=XGKCUYHGWR} > keys_query{request_id="7ef257618c6e43c586a8699be0ab48b2"} > update_state_after_keys_query > send{request_id="REQ-54" method=GET uri="https://matrix.aibots.kz/_matrix/client/v3/user/@testuser4:matrix.aibots.kz/account_data/m.secret_storage.default_key" status=200 response_size="42B"}
2025-08-03T18:04:17.055801Z DEBUG matrix_sdk::http_client::native: Sending request num_attempt=1 | crates/matrix-sdk/src/http_client/native.rs:78 | spans: root > recover > import_secrets{self=SecretStore { key: SecretStorageKey { storage_key_info: SecretStorageKeyEventContent { key_id: "SOLI8S87tfQr4Pbl8GMn4DVFeLHFoN7a", name: None, algorithm: V1AesHmacSha2(SecretStorageV1AesHmacSha2Properties { iv: Some("rNV49iQTT0wpQKtpj+SbUA"), mac: Some("Nqi65yXyTNe95yBmrgPxZSRML2sAvGMzFgVuTi9YpZs") }), passphrase: None }, .. }, .. } user_id=@testuser4:matrix.aibots.kz device_id=XGKCUYHGWR} > keys_query{request_id="7ef257618c6e43c586a8699be0ab48b2"} > update_state_after_keys_query > send{request_id="REQ-55" method=GET uri="https://matrix.aibots.kz/_matrix/client/v3/user/@testuser4:matrix.aibots.kz/account_data/m.org.matrix.custom.backup_disabled"}
2025-08-03T18:04:17.070057Z DEBUG matrix_sdk::http_client: Got response | crates/matrix-sdk/src/http_client/mod.rs:214 | spans: root > recover > import_secrets{self=SecretStore { key: SecretStorageKey { storage_key_info: SecretStorageKeyEventContent { key_id: "SOLI8S87tfQr4Pbl8GMn4DVFeLHFoN7a", name: None, algorithm: V1AesHmacSha2(SecretStorageV1AesHmacSha2Properties { iv: Some("rNV49iQTT0wpQKtpj+SbUA"), mac: Some("Nqi65yXyTNe95yBmrgPxZSRML2sAvGMzFgVuTi9YpZs") }), passphrase: None }, .. }, .. } user_id=@testuser4:matrix.aibots.kz device_id=XGKCUYHGWR} > keys_query{request_id="7ef257618c6e43c586a8699be0ab48b2"} > update_state_after_keys_query > send{request_id="REQ-55" method=GET uri="https://matrix.aibots.kz/_matrix/client/v3/user/@testuser4:matrix.aibots.kz/account_data/m.org.matrix.custom.backup_disabled" status=200 response_size="18B"}
2025-08-03T18:04:17.070386Z  INFO elementx: Session security state changed, verificationState: verified, recoveryState: incomplete | UserSession.swift:47 | spans: root
2025-08-03T18:04:17.070639Z  INFO elementx: Backup state changed - Recovery: incomplete, KeyBackup: unknown | AutoRecoveryKeyService.swift:1326 | spans: root
2025-08-03T18:04:17.070781Z  INFO elementx: Recovery state changed to: incomplete, setting local state to incomplete | SecureBackupController.swift:79 | spans: root
2025-08-03T18:04:17.070992Z  INFO elementx: Onboarding already attempted, skipping | UserSessionFlowCoordinator.swift:327 | spans: root
2025-08-03T18:04:17.072629Z  INFO elementx: Session security state changed, verificationState: verified, recoveryState: incomplete | UserSession.swift:47 | spans: root
2025-08-03T18:04:17.073872Z  INFO matrix_sdk_crypto::store: Successfully imported the private cross-signing keys status=CrossSigningStatus { has_master: true, has_self_signing: true, has_user_signing: true } | crates/matrix-sdk-crypto/src/store/mod.rs:922 | spans: root > recover > import_secrets{self=SecretStore { key: SecretStorageKey { storage_key_info: SecretStorageKeyEventContent { key_id: "SOLI8S87tfQr4Pbl8GMn4DVFeLHFoN7a", name: None, algorithm: V1AesHmacSha2(SecretStorageV1AesHmacSha2Properties { iv: Some("rNV49iQTT0wpQKtpj+SbUA"), mac: Some("Nqi65yXyTNe95yBmrgPxZSRML2sAvGMzFgVuTi9YpZs") }), passphrase: None }, .. }, .. } user_id=@testuser4:matrix.aibots.kz device_id=XGKCUYHGWR}
2025-08-03T18:04:17.077175Z DEBUG matrix_sdk_crypto::store::crypto_store_wrapper: Stored our own identity master_key=Some("ed25519:8GG8KTGQVD2s7mC7O37eq1glQcSotN+euxl5RHPBDTQ") user_signing_key=Some("ed25519:Wg1vJ7Sa+AQUdZRzYaPdJO1NmcgaSUbz5w1L+n224Gs") self_signing_key=Some("ed25519:lpuFlkKJ/coy6/iQQj/eSbNytUwXYmzx4EGINW2PRm0") previously_verified=true verified=true | crates/matrix-sdk-crypto/src/store/crypto_store_wrapper.rs:149 | spans: root > recover > import_secrets{self=SecretStore { key: SecretStorageKey { storage_key_info: SecretStorageKeyEventContent { key_id: "SOLI8S87tfQr4Pbl8GMn4DVFeLHFoN7a", name: None, algorithm: V1AesHmacSha2(SecretStorageV1AesHmacSha2Properties { iv: Some("rNV49iQTT0wpQKtpj+SbUA"), mac: Some("Nqi65yXyTNe95yBmrgPxZSRML2sAvGMzFgVuTi9YpZs") }), passphrase: None }, .. }, .. } user_id=@testuser4:matrix.aibots.kz device_id=XGKCUYHGWR}
2025-08-03T18:04:17.078472Z  INFO matrix_sdk::encryption::secret_storage::secret_store: Done importing the cross signing keys | crates/matrix-sdk/src/encryption/secret_storage/secret_store.rs:394 | spans: root > recover > import_secrets{self=SecretStore { key: SecretStorageKey { storage_key_info: SecretStorageKeyEventContent { key_id: "SOLI8S87tfQr4Pbl8GMn4DVFeLHFoN7a", name: None, algorithm: V1AesHmacSha2(SecretStorageV1AesHmacSha2Properties { iv: Some("rNV49iQTT0wpQKtpj+SbUA"), mac: Some("Nqi65yXyTNe95yBmrgPxZSRML2sAvGMzFgVuTi9YpZs") }), passphrase: None }, .. }, .. } user_id=@testuser4:matrix.aibots.kz device_id=XGKCUYHGWR cross_signing_status=CrossSigningStatus { has_master: true, has_self_signing: true, has_user_signing: true }}
2025-08-03T18:04:17.078534Z  INFO matrix_sdk::encryption::secret_storage::secret_store: Successfully imported the self-signing key, attempting to sign our own device | crates/matrix-sdk/src/encryption/secret_storage/secret_store.rs:397 | spans: root > recover > import_secrets{self=SecretStore { key: SecretStorageKey { storage_key_info: SecretStorageKeyEventContent { key_id: "SOLI8S87tfQr4Pbl8GMn4DVFeLHFoN7a", name: None, algorithm: V1AesHmacSha2(SecretStorageV1AesHmacSha2Properties { iv: Some("rNV49iQTT0wpQKtpj+SbUA"), mac: Some("Nqi65yXyTNe95yBmrgPxZSRML2sAvGMzFgVuTi9YpZs") }), passphrase: None }, .. }, .. } user_id=@testuser4:matrix.aibots.kz device_id=XGKCUYHGWR cross_signing_status=CrossSigningStatus { has_master: true, has_self_signing: true, has_user_signing: true }}
2025-08-03T18:04:17.081012Z DEBUG matrix_sdk::http_client::native: Sending request num_attempt=1 | crates/matrix-sdk/src/http_client/native.rs:78 | spans: root > recover > import_secrets{self=SecretStore { key: SecretStorageKey { storage_key_info: SecretStorageKeyEventContent { key_id: "SOLI8S87tfQr4Pbl8GMn4DVFeLHFoN7a", name: None, algorithm: V1AesHmacSha2(SecretStorageV1AesHmacSha2Properties { iv: Some("rNV49iQTT0wpQKtpj+SbUA"), mac: Some("Nqi65yXyTNe95yBmrgPxZSRML2sAvGMzFgVuTi9YpZs") }), passphrase: None }, .. }, .. } user_id=@testuser4:matrix.aibots.kz device_id=XGKCUYHGWR cross_signing_status=CrossSigningStatus { has_master: true, has_self_signing: true, has_user_signing: true }} > send{request_id="REQ-56" method=POST uri="https://matrix.aibots.kz/_matrix/client/v3/keys/signatures/upload" request_size="567B"}
2025-08-03T18:04:17.090201Z  INFO elementx: Onboarding already attempted, skipping | UserSessionFlowCoordinator.swift:327 | spans: root
2025-08-03T18:04:17.105509Z DEBUG matrix_sdk::http_client: Got response | crates/matrix-sdk/src/http_client/mod.rs:214 | spans: root > recover > import_secrets{self=SecretStore { key: SecretStorageKey { storage_key_info: SecretStorageKeyEventContent { key_id: "SOLI8S87tfQr4Pbl8GMn4DVFeLHFoN7a", name: None, algorithm: V1AesHmacSha2(SecretStorageV1AesHmacSha2Properties { iv: Some("rNV49iQTT0wpQKtpj+SbUA"), mac: Some("Nqi65yXyTNe95yBmrgPxZSRML2sAvGMzFgVuTi9YpZs") }), passphrase: None }, .. }, .. } user_id=@testuser4:matrix.aibots.kz device_id=XGKCUYHGWR cross_signing_status=CrossSigningStatus { has_master: true, has_self_signing: true, has_user_signing: true }} > send{request_id="REQ-56" method=POST uri="https://matrix.aibots.kz/_matrix/client/v3/keys/signatures/upload" request_size="567B" status=200 response_size="15B"}
2025-08-03T18:04:17.105638Z DEBUG matrix_sdk::http_client::native: Sending request num_attempt=1 | crates/matrix-sdk/src/http_client/native.rs:78 | spans: root > recover > import_secrets{self=SecretStore { key: SecretStorageKey { storage_key_info: SecretStorageKeyEventContent { key_id: "SOLI8S87tfQr4Pbl8GMn4DVFeLHFoN7a", name: None, algorithm: V1AesHmacSha2(SecretStorageV1AesHmacSha2Properties { iv: Some("rNV49iQTT0wpQKtpj+SbUA"), mac: Some("Nqi65yXyTNe95yBmrgPxZSRML2sAvGMzFgVuTi9YpZs") }), passphrase: None }, .. }, .. } user_id=@testuser4:matrix.aibots.kz device_id=XGKCUYHGWR cross_signing_status=CrossSigningStatus { has_master: true, has_self_signing: true, has_user_signing: true }} > keys_query{request_id="c724f6128ef8404fa88598291ebe7a8b"} > send{request_id="REQ-57" method=POST uri="https://matrix.aibots.kz/_matrix/client/v3/keys/query" request_size="50B"}
2025-08-03T18:04:17.132539Z DEBUG matrix_sdk::http_client: Got response | crates/matrix-sdk/src/http_client/mod.rs:214 | spans: root > recover > import_secrets{self=SecretStore { key: SecretStorageKey { storage_key_info: SecretStorageKeyEventContent { key_id: "SOLI8S87tfQr4Pbl8GMn4DVFeLHFoN7a", name: None, algorithm: V1AesHmacSha2(SecretStorageV1AesHmacSha2Properties { iv: Some("rNV49iQTT0wpQKtpj+SbUA"), mac: Some("Nqi65yXyTNe95yBmrgPxZSRML2sAvGMzFgVuTi9YpZs") }), passphrase: None }, .. }, .. } user_id=@testuser4:matrix.aibots.kz device_id=XGKCUYHGWR cross_signing_status=CrossSigningStatus { has_master: true, has_self_signing: true, has_user_signing: true }} > keys_query{request_id="c724f6128ef8404fa88598291ebe7a8b"} > send{request_id="REQ-57" method=POST uri="https://matrix.aibots.kz/_matrix/client/v3/keys/query" request_size="50B" status=200 response_size="2.1k"}
2025-08-03T18:04:17.132622Z DEBUG matrix_sdk_crypto::identities::manager: Handling a `/keys/query` response request_id="c724f6128ef8404fa88598291ebe7a8b" users={"@testuser4:matrix.aibots.kz"} failures={} | crates/matrix-sdk-crypto/src/identities/manager.rs:135 | spans: root > recover > import_secrets{self=SecretStore { key: SecretStorageKey { storage_key_info: SecretStorageKeyEventContent { key_id: "SOLI8S87tfQr4Pbl8GMn4DVFeLHFoN7a", name: None, algorithm: V1AesHmacSha2(SecretStorageV1AesHmacSha2Properties { iv: Some("rNV49iQTT0wpQKtpj+SbUA"), mac: Some("Nqi65yXyTNe95yBmrgPxZSRML2sAvGMzFgVuTi9YpZs") }), passphrase: None }, .. }, .. } user_id=@testuser4:matrix.aibots.kz device_id=XGKCUYHGWR cross_signing_status=CrossSigningStatus { has_master: true, has_self_signing: true, has_user_signing: true }} > keys_query{request_id="c724f6128ef8404fa88598291ebe7a8b"}
2025-08-03T18:04:17.135628Z DEBUG matrix_sdk_crypto::identities::manager: Finished handling of the `/keys/query` response request_id="c724f6128ef8404fa88598291ebe7a8b" new_devices={} changed_devices={} deleted_devices={} new_identities={} changed_identities={} | crates/matrix-sdk-crypto/src/identities/manager.rs:1205 | spans: root > recover > import_secrets{self=SecretStore { key: SecretStorageKey { storage_key_info: SecretStorageKeyEventContent { key_id: "SOLI8S87tfQr4Pbl8GMn4DVFeLHFoN7a", name: None, algorithm: V1AesHmacSha2(SecretStorageV1AesHmacSha2Properties { iv: Some("rNV49iQTT0wpQKtpj+SbUA"), mac: Some("Nqi65yXyTNe95yBmrgPxZSRML2sAvGMzFgVuTi9YpZs") }), passphrase: None }, .. }, .. } user_id=@testuser4:matrix.aibots.kz device_id=XGKCUYHGWR cross_signing_status=CrossSigningStatus { has_master: true, has_self_signing: true, has_user_signing: true }} > keys_query{request_id="c724f6128ef8404fa88598291ebe7a8b"}
2025-08-03T18:04:17.135759Z DEBUG matrix_sdk::http_client::native: Sending request num_attempt=1 | crates/matrix-sdk/src/http_client/native.rs:78 | spans: root > recover > import_secrets{self=SecretStore { key: SecretStorageKey { storage_key_info: SecretStorageKeyEventContent { key_id: "SOLI8S87tfQr4Pbl8GMn4DVFeLHFoN7a", name: None, algorithm: V1AesHmacSha2(SecretStorageV1AesHmacSha2Properties { iv: Some("rNV49iQTT0wpQKtpj+SbUA"), mac: Some("Nqi65yXyTNe95yBmrgPxZSRML2sAvGMzFgVuTi9YpZs") }), passphrase: None }, .. }, .. } user_id=@testuser4:matrix.aibots.kz device_id=XGKCUYHGWR cross_signing_status=CrossSigningStatus { has_master: true, has_self_signing: true, has_user_signing: true }} > keys_query{request_id="c724f6128ef8404fa88598291ebe7a8b"} > update_state_after_keys_query > send{request_id="REQ-58" method=GET uri="https://matrix.aibots.kz/_matrix/client/v3/user/@testuser4:matrix.aibots.kz/account_data/m.secret_storage.default_key"}
2025-08-03T18:04:17.149416Z DEBUG matrix_sdk::http_client: Got response | crates/matrix-sdk/src/http_client/mod.rs:214 | spans: root > recover > import_secrets{self=SecretStore { key: SecretStorageKey { storage_key_info: SecretStorageKeyEventContent { key_id: "SOLI8S87tfQr4Pbl8GMn4DVFeLHFoN7a", name: None, algorithm: V1AesHmacSha2(SecretStorageV1AesHmacSha2Properties { iv: Some("rNV49iQTT0wpQKtpj+SbUA"), mac: Some("Nqi65yXyTNe95yBmrgPxZSRML2sAvGMzFgVuTi9YpZs") }), passphrase: None }, .. }, .. } user_id=@testuser4:matrix.aibots.kz device_id=XGKCUYHGWR cross_signing_status=CrossSigningStatus { has_master: true, has_self_signing: true, has_user_signing: true }} > keys_query{request_id="c724f6128ef8404fa88598291ebe7a8b"} > update_state_after_keys_query > send{request_id="REQ-58" method=GET uri="https://matrix.aibots.kz/_matrix/client/v3/user/@testuser4:matrix.aibots.kz/account_data/m.secret_storage.default_key" status=200 response_size="42B"}
2025-08-03T18:04:17.149581Z DEBUG matrix_sdk::http_client::native: Sending request num_attempt=1 | crates/matrix-sdk/src/http_client/native.rs:78 | spans: root > recover > import_secrets{self=SecretStore { key: SecretStorageKey { storage_key_info: SecretStorageKeyEventContent { key_id: "SOLI8S87tfQr4Pbl8GMn4DVFeLHFoN7a", name: None, algorithm: V1AesHmacSha2(SecretStorageV1AesHmacSha2Properties { iv: Some("rNV49iQTT0wpQKtpj+SbUA"), mac: Some("Nqi65yXyTNe95yBmrgPxZSRML2sAvGMzFgVuTi9YpZs") }), passphrase: None }, .. }, .. } user_id=@testuser4:matrix.aibots.kz device_id=XGKCUYHGWR cross_signing_status=CrossSigningStatus { has_master: true, has_self_signing: true, has_user_signing: true }} > keys_query{request_id="c724f6128ef8404fa88598291ebe7a8b"} > update_state_after_keys_query > send{request_id="REQ-59" method=GET uri="https://matrix.aibots.kz/_matrix/client/v3/user/@testuser4:matrix.aibots.kz/account_data/m.org.matrix.custom.backup_disabled"}
2025-08-03T18:04:17.164890Z DEBUG matrix_sdk::http_client: Got response | crates/matrix-sdk/src/http_client/mod.rs:214 | spans: root > recover > import_secrets{self=SecretStore { key: SecretStorageKey { storage_key_info: SecretStorageKeyEventContent { key_id: "SOLI8S87tfQr4Pbl8GMn4DVFeLHFoN7a", name: None, algorithm: V1AesHmacSha2(SecretStorageV1AesHmacSha2Properties { iv: Some("rNV49iQTT0wpQKtpj+SbUA"), mac: Some("Nqi65yXyTNe95yBmrgPxZSRML2sAvGMzFgVuTi9YpZs") }), passphrase: None }, .. }, .. } user_id=@testuser4:matrix.aibots.kz device_id=XGKCUYHGWR cross_signing_status=CrossSigningStatus { has_master: true, has_self_signing: true, has_user_signing: true }} > keys_query{request_id="c724f6128ef8404fa88598291ebe7a8b"} > update_state_after_keys_query > send{request_id="REQ-59" method=GET uri="https://matrix.aibots.kz/_matrix/client/v3/user/@testuser4:matrix.aibots.kz/account_data/m.org.matrix.custom.backup_disabled" status=200 response_size="18B"}
2025-08-03T18:04:17.165669Z  INFO elementx: Session security state changed, verificationState: verified, recoveryState: incomplete | UserSession.swift:47 | spans: root
2025-08-03T18:04:17.166084Z  INFO elementx: Backup state changed - Recovery: incomplete, KeyBackup: unknown | AutoRecoveryKeyService.swift:1326 | spans: root
2025-08-03T18:04:17.166307Z  INFO elementx: Recovery state changed to: incomplete, setting local state to incomplete | SecureBackupController.swift:79 | spans: root
2025-08-03T18:04:17.166554Z  INFO elementx: Onboarding already attempted, skipping | UserSessionFlowCoordinator.swift:327 | spans: root
2025-08-03T18:04:17.167422Z  INFO matrix_sdk::encryption::secret_storage::secret_store: Successfully signed our own device, the device is now verified | crates/matrix-sdk/src/encryption/secret_storage/secret_store.rs:411 | spans: root > recover > import_secrets{self=SecretStore { key: SecretStorageKey { storage_key_info: SecretStorageKeyEventContent { key_id: "SOLI8S87tfQr4Pbl8GMn4DVFeLHFoN7a", name: None, algorithm: V1AesHmacSha2(SecretStorageV1AesHmacSha2Properties { iv: Some("rNV49iQTT0wpQKtpj+SbUA"), mac: Some("Nqi65yXyTNe95yBmrgPxZSRML2sAvGMzFgVuTi9YpZs") }), passphrase: None }, .. }, .. } user_id=@testuser4:matrix.aibots.kz device_id=XGKCUYHGWR cross_signing_status=CrossSigningStatus { has_master: true, has_self_signing: true, has_user_signing: true }}
2025-08-03T18:04:17.167568Z DEBUG matrix_sdk::http_client::native: Sending request num_attempt=1 | crates/matrix-sdk/src/http_client/native.rs:78 | spans: root > recover > import_secrets{self=SecretStore { key: SecretStorageKey { storage_key_info: SecretStorageKeyEventContent { key_id: "SOLI8S87tfQr4Pbl8GMn4DVFeLHFoN7a", name: None, algorithm: V1AesHmacSha2(SecretStorageV1AesHmacSha2Properties { iv: Some("rNV49iQTT0wpQKtpj+SbUA"), mac: Some("Nqi65yXyTNe95yBmrgPxZSRML2sAvGMzFgVuTi9YpZs") }), passphrase: None }, .. }, .. } user_id=@testuser4:matrix.aibots.kz device_id=XGKCUYHGWR cross_signing_status=CrossSigningStatus { has_master: true, has_self_signing: true, has_user_signing: true }} > send{request_id="REQ-60" method=GET uri="https://matrix.aibots.kz/_matrix/client/v3/user/@testuser4:matrix.aibots.kz/account_data/m.megolm_backup.v1"}
2025-08-03T18:04:17.167624Z  INFO elementx: Session security state changed, verificationState: verified, recoveryState: incomplete | UserSession.swift:47 | spans: root
2025-08-03T18:04:17.181579Z  INFO elementx: Onboarding already attempted, skipping | UserSessionFlowCoordinator.swift:327 | spans: root
2025-08-03T18:04:17.184337Z DEBUG matrix_sdk::http_client: Error while sending request: Api(Server(ClientApi(Error { status_code: 404, body: Standard { kind: NotFound, message: "Account data not found" } }))) | crates/matrix-sdk/src/http_client/mod.rs:218 | spans: root > recover > import_secrets{self=SecretStore { key: SecretStorageKey { storage_key_info: SecretStorageKeyEventContent { key_id: "SOLI8S87tfQr4Pbl8GMn4DVFeLHFoN7a", name: None, algorithm: V1AesHmacSha2(SecretStorageV1AesHmacSha2Properties { iv: Some("rNV49iQTT0wpQKtpj+SbUA"), mac: Some("Nqi65yXyTNe95yBmrgPxZSRML2sAvGMzFgVuTi9YpZs") }), passphrase: None }, .. }, .. } user_id=@testuser4:matrix.aibots.kz device_id=XGKCUYHGWR cross_signing_status=CrossSigningStatus { has_master: true, has_self_signing: true, has_user_signing: true }} > send{request_id="REQ-60" method=GET uri="https://matrix.aibots.kz/_matrix/client/v3/user/@testuser4:matrix.aibots.kz/account_data/m.megolm_backup.v1" status=404 response_size="58B"}
2025-08-03T18:04:17.184399Z  INFO matrix_sdk::encryption::secret_storage::secret_store: No backup recovery key found. | crates/matrix-sdk/src/encryption/secret_storage/secret_store.rs:308 | spans: root > recover > import_secrets{self=SecretStore { key: SecretStorageKey { storage_key_info: SecretStorageKeyEventContent { key_id: "SOLI8S87tfQr4Pbl8GMn4DVFeLHFoN7a", name: None, algorithm: V1AesHmacSha2(SecretStorageV1AesHmacSha2Properties { iv: Some("rNV49iQTT0wpQKtpj+SbUA"), mac: Some("Nqi65yXyTNe95yBmrgPxZSRML2sAvGMzFgVuTi9YpZs") }), passphrase: None }, .. }, .. } user_id=@testuser4:matrix.aibots.kz device_id=XGKCUYHGWR cross_signing_status=CrossSigningStatus { has_master: true, has_self_signing: true, has_user_signing: true }}
2025-08-03T18:04:17.184480Z DEBUG matrix_sdk::http_client::native: Sending request num_attempt=1 | crates/matrix-sdk/src/http_client/native.rs:78 | spans: root > recover > send{request_id="REQ-61" method=GET uri="https://matrix.aibots.kz/_matrix/client/v3/user/@testuser4:matrix.aibots.kz/account_data/m.secret_storage.default_key"}
2025-08-03T18:04:17.196504Z  INFO elementx: [AutoRecovery] Current recovery state during wait: incomplete, expected: enabled | AutoRecoveryKeyService.swift:213 | spans: root
2025-08-03T18:04:17.199046Z DEBUG matrix_sdk::http_client: Got response | crates/matrix-sdk/src/http_client/mod.rs:214 | spans: root > recover > send{request_id="REQ-61" method=GET uri="https://matrix.aibots.kz/_matrix/client/v3/user/@testuser4:matrix.aibots.kz/account_data/m.secret_storage.default_key" status=200 response_size="42B"}
2025-08-03T18:04:17.199154Z DEBUG matrix_sdk::http_client::native: Sending request num_attempt=1 | crates/matrix-sdk/src/http_client/native.rs:78 | spans: root > recover > send{request_id="REQ-62" method=GET uri="https://matrix.aibots.kz/_matrix/client/v3/user/@testuser4:matrix.aibots.kz/account_data/m.org.matrix.custom.backup_disabled"}
2025-08-03T18:04:17.214986Z DEBUG matrix_sdk::http_client: Got response | crates/matrix-sdk/src/http_client/mod.rs:214 | spans: root > recover > send{request_id="REQ-62" method=GET uri="https://matrix.aibots.kz/_matrix/client/v3/user/@testuser4:matrix.aibots.kz/account_data/m.org.matrix.custom.backup_disabled" status=200 response_size="18B"}
2025-08-03T18:04:17.215202Z  INFO elementx: [AutoRecovery] ✅ Successfully recovered from existing key | AutoRecoveryKeyService.swift:213 | spans: root
2025-08-03T18:04:17.215269Z  INFO elementx: Session security state changed, verificationState: verified, recoveryState: incomplete | UserSession.swift:47 | spans: root
2025-08-03T18:04:17.215387Z  INFO elementx: [AutoRecovery] Recovery state changed from validating to active(createdAt: 2025-08-03 18:04:17 +0000) in context: recoverFromExistingKey success | AutoRecoveryKeyService.swift:213 | spans: root
2025-08-03T18:04:17.215407Z  INFO elementx: Backup state changed - Recovery: incomplete, KeyBackup: unknown | AutoRecoveryKeyService.swift:1326 | spans: root
2025-08-03T18:04:17.215438Z  INFO elementx: [AutoRecovery] Waiting for UI state synchronization after successful recovery | AutoRecoveryKeyService.swift:213 | spans: root
2025-08-03T18:04:17.215469Z  INFO elementx: Recovery state changed to: incomplete, setting local state to incomplete | SecureBackupController.swift:79 | spans: root
2025-08-03T18:04:17.215506Z  INFO elementx: [AutoRecovery] 🔄 Waiting for recovery state to update to: enabled | AutoRecoveryKeyService.swift:213 | spans: root
2025-08-03T18:04:17.215566Z  INFO elementx: [AutoRecovery] Current recovery state during wait: incomplete, expected: enabled | AutoRecoveryKeyService.swift:213 | spans: root
2025-08-03T18:04:17.215987Z  INFO elementx: Onboarding already attempted, skipping | UserSessionFlowCoordinator.swift:327 | spans: root
2025-08-03T18:04:17.400462Z  INFO elementx: [AutoRecovery] Current recovery state during wait: incomplete, expected: enabled | AutoRecoveryKeyService.swift:213 | spans: root
2025-08-03T18:04:17.428738Z  INFO elementx: [AutoRecovery] Current recovery state during wait: incomplete, expected: enabled | AutoRecoveryKeyService.swift:213 | spans: root
2025-08-03T18:04:17.612182Z  INFO elementx: [AutoRecovery] Current recovery state during wait: incomplete, expected: enabled | AutoRecoveryKeyService.swift:213 | spans: root
2025-08-03T18:04:17.642665Z  INFO elementx: [AutoRecovery] Current recovery state during wait: incomplete, expected: enabled | AutoRecoveryKeyService.swift:213 | spans: root
2025-08-03T18:04:17.823436Z  INFO elementx: [AutoRecovery] Current recovery state during wait: incomplete, expected: enabled | AutoRecoveryKeyService.swift:213 | spans: root
2025-08-03T18:04:17.853353Z  INFO elementx: [AutoRecovery] Current recovery state during wait: incomplete, expected: enabled | AutoRecoveryKeyService.swift:213 | spans: root
2025-08-03T18:04:18.028504Z  INFO elementx: [AutoRecovery] Current recovery state during wait: incomplete, expected: enabled | AutoRecoveryKeyService.swift:213 | spans: root
2025-08-03T18:04:18.061887Z  INFO elementx: [AutoRecovery] Current recovery state during wait: incomplete, expected: enabled | AutoRecoveryKeyService.swift:213 | spans: root
2025-08-03T18:04:18.230228Z  INFO elementx: [AutoRecovery] Current recovery state during wait: incomplete, expected: enabled | AutoRecoveryKeyService.swift:213 | spans: root
2025-08-03T18:04:18.271886Z  INFO elementx: [AutoRecovery] Current recovery state during wait: incomplete, expected: enabled | AutoRecoveryKeyService.swift:213 | spans: root
2025-08-03T18:04:18.443852Z  INFO elementx: [AutoRecovery] Current recovery state during wait: incomplete, expected: enabled | AutoRecoveryKeyService.swift:213 | spans: root
2025-08-03T18:04:18.485769Z  INFO elementx: [AutoRecovery] Current recovery state during wait: incomplete, expected: enabled | AutoRecoveryKeyService.swift:213 | spans: root
2025-08-03T18:04:18.653209Z  INFO elementx: [AutoRecovery] Current recovery state during wait: incomplete, expected: enabled | AutoRecoveryKeyService.swift:213 | spans: root
2025-08-03T18:04:18.695261Z  INFO elementx: [AutoRecovery] Current recovery state during wait: incomplete, expected: enabled | AutoRecoveryKeyService.swift:213 | spans: root
2025-08-03T18:04:18.861939Z  INFO elementx: [AutoRecovery] Current recovery state during wait: incomplete, expected: enabled | AutoRecoveryKeyService.swift:213 | spans: root
2025-08-03T18:04:18.898180Z  INFO elementx: [AutoRecovery] Current recovery state during wait: incomplete, expected: enabled | AutoRecoveryKeyService.swift:213 | spans: root
2025-08-03T18:04:19.072977Z  INFO elementx: [AutoRecovery] Current recovery state during wait: incomplete, expected: enabled | AutoRecoveryKeyService.swift:213 | spans: root
2025-08-03T18:04:19.111685Z  INFO elementx: [AutoRecovery] Current recovery state during wait: incomplete, expected: enabled | AutoRecoveryKeyService.swift:213 | spans: root
2025-08-03T18:04:19.278463Z  INFO elementx: [AutoRecovery] Current recovery state during wait: incomplete, expected: enabled | AutoRecoveryKeyService.swift:213 | spans: root
2025-08-03T18:04:19.318062Z  INFO elementx: [AutoRecovery] Current recovery state during wait: incomplete, expected: enabled | AutoRecoveryKeyService.swift:213 | spans: root
2025-08-03T18:04:19.479796Z  INFO elementx: [AutoRecovery] Current recovery state during wait: incomplete, expected: enabled | AutoRecoveryKeyService.swift:213 | spans: root
2025-08-03T18:04:19.530959Z  INFO elementx: [AutoRecovery] Current recovery state during wait: incomplete, expected: enabled | AutoRecoveryKeyService.swift:213 | spans: root
2025-08-03T18:04:19.693383Z  INFO elementx: [AutoRecovery] Current recovery state during wait: incomplete, expected: enabled | AutoRecoveryKeyService.swift:213 | spans: root
2025-08-03T18:04:19.743560Z  INFO elementx: [AutoRecovery] Current recovery state during wait: incomplete, expected: enabled | AutoRecoveryKeyService.swift:213 | spans: root
2025-08-03T18:04:19.902933Z  INFO elementx: [AutoRecovery] Current recovery state during wait: incomplete, expected: enabled | AutoRecoveryKeyService.swift:213 | spans: root
2025-08-03T18:04:19.948280Z  INFO elementx: [AutoRecovery] Current recovery state during wait: incomplete, expected: enabled | AutoRecoveryKeyService.swift:213 | spans: root
2025-08-03T18:04:20.116913Z  WARN elementx: [AutoRecovery] ⚠️ Timeout waiting for recovery state to update to enabled | AutoRecoveryKeyService.swift:215 | spans: root
2025-08-03T18:04:20.117125Z  WARN elementx: [AutoRecovery] Final state was: incomplete | AutoRecoveryKeyService.swift:215 | spans: root
2025-08-03T18:04:20.139412Z  INFO elementx: Auto recovery setup completed successfully - Operation: restoreFromLocalKey | ClientProxy.swift:1220 | spans: root
2025-08-03T18:04:20.139621Z  INFO elementx: Auto recovery key system is now active | UserSessionFlowCoordinator.swift:769 | spans: root
2025-08-03T18:04:20.139907Z  INFO elementx: 🔐 Starting automatic cross-signing setup for improved encryption | UserSessionFlowCoordinator.swift:734 | spans: root
2025-08-03T18:04:20.140040Z  INFO elementx: 🔐 Starting automatic cross-signing setup | ClientProxy.swift:1254 | spans: root
2025-08-03T18:04:20.140247Z DEBUG matrix_sdk::http_client::native: Sending request num_attempt=1 | crates/matrix-sdk/src/http_client/native.rs:78 | spans: root > send{request_id="REQ-63" method=GET uri="https://matrix.aibots.kz/_matrix/client/v3/room_keys/version"}
2025-08-03T18:04:20.160380Z  INFO elementx: [AutoRecovery] Current recovery state during wait: incomplete, expected: enabled | AutoRecoveryKeyService.swift:213 | spans: root
2025-08-03T18:04:20.165747Z DEBUG matrix_sdk::http_client: Got response | crates/matrix-sdk/src/http_client/mod.rs:214 | spans: root > send{request_id="REQ-63" method=GET uri="https://matrix.aibots.kz/_matrix/client/v3/room_keys/version" status=200 response_size="319B"}
2025-08-03T18:04:20.165915Z  INFO elementx: ✅ Cross-signing setup completed successfully | UserSessionFlowCoordinator.swift:740 | spans: root
2025-08-03T18:04:20.365899Z  INFO elementx: [AutoRecovery] Current recovery state during wait: incomplete, expected: enabled | AutoRecoveryKeyService.swift:213 | spans: root
2025-08-03T18:04:20.569191Z  INFO elementx: [AutoRecovery] Current recovery state during wait: incomplete, expected: enabled | AutoRecoveryKeyService.swift:213 | spans: root
2025-08-03T18:04:20.770185Z  INFO elementx: [AutoRecovery] Current recovery state during wait: incomplete, expected: enabled | AutoRecoveryKeyService.swift:213 | spans: root
2025-08-03T18:04:20.982844Z  INFO elementx: [AutoRecovery] Current recovery state during wait: incomplete, expected: enabled | AutoRecoveryKeyService.swift:213 | spans: root
2025-08-03T18:04:21.190677Z  INFO elementx: [AutoRecovery] Current recovery state during wait: incomplete, expected: enabled | AutoRecoveryKeyService.swift:213 | spans: root
2025-08-03T18:04:21.402636Z  INFO elementx: [AutoRecovery] Current recovery state during wait: incomplete, expected: enabled | AutoRecoveryKeyService.swift:213 | spans: root
2025-08-03T18:04:21.616502Z  INFO elementx: [AutoRecovery] Current recovery state during wait: incomplete, expected: enabled | AutoRecoveryKeyService.swift:213 | spans: root
2025-08-03T18:04:21.823943Z  INFO elementx: [AutoRecovery] Current recovery state during wait: incomplete, expected: enabled | AutoRecoveryKeyService.swift:213 | spans: root
2025-08-03T18:04:22.028277Z  INFO elementx: [AutoRecovery] Current recovery state during wait: incomplete, expected: enabled | AutoRecoveryKeyService.swift:213 | spans: root
2025-08-03T18:04:22.239512Z  WARN elementx: [AutoRecovery] ⚠️ Timeout waiting for recovery state to update to enabled | AutoRecoveryKeyService.swift:215 | spans: root
2025-08-03T18:04:22.239736Z  WARN elementx: [AutoRecovery] Final state was: incomplete | AutoRecoveryKeyService.swift:215 | spans: root
2025-08-03T18:04:22.239876Z  INFO elementx: [AutoRecovery] ✅ Post-login recovery completion successful | AutoRecoveryKeyService.swift:213 | spans: root
2025-08-03T18:04:44.855740Z DEBUG matrix_sdk::http_client: Got response | crates/matrix-sdk/src/http_client/mod.rs:214 | spans: root > sync_once{conn_id="room-list" pos="0/s611_17296_0_366_597_6_11_886_0_1"} > send{request_id="REQ-20" method=POST uri="https://matrix.aibots.kz/_matrix/client/unstable/org.matrix.simplified_msc3575/sync" request_size="673B" status=200 response_size="241B"}
2025-08-03T18:04:44.859520Z  INFO elementx: Received room list update: running | ClientProxy.swift:974 | spans: root
2025-08-03T18:04:44.860467Z DEBUG matrix_sdk::http_client::native: Sending request num_attempt=1 | crates/matrix-sdk/src/http_client/native.rs:78 | spans: root > sync_once{conn_id="room-list" pos="0/s611_17296_0_366_597_6_11_888_0_1"} > send{request_id="REQ-64" method=POST uri="https://matrix.aibots.kz/_matrix/client/unstable/org.matrix.simplified_msc3575/sync" request_size="673B"}
2025-08-03T18:04:45.006173Z DEBUG matrix_sdk::http_client: Got response | crates/matrix-sdk/src/http_client/mod.rs:214 | spans: root > next_sync_with_lock{store_generation=0} > sync_once{conn_id="encryption" pos="0/s611_17296_0_366_597_6_11_888_0_1"} > send{request_id="REQ-39" method=POST uri="https://matrix.aibots.kz/_matrix/client/unstable/org.matrix.simplified_msc3575/sync" request_size="149B" status=200 response_size="276B"}
2025-08-03T18:04:45.023716Z  WARN matrix_sdk_crypto::backups: Trying to backup room keys but no backup key was found | crates/matrix-sdk-crypto/src/backups/mod.rs:523 | spans: root
2025-08-03T18:04:45.024941Z DEBUG matrix_sdk::http_client::native: Sending request num_attempt=1 | crates/matrix-sdk/src/http_client/native.rs:78 | spans: root > next_sync_with_lock{store_generation=0} > sync_once{conn_id="encryption" pos="0/s611_17296_0_366_597_6_11_888_0_1"} > send{request_id="REQ-65" method=POST uri="https://matrix.aibots.kz/_matrix/client/unstable/org.matrix.simplified_msc3575/sync" request_size="149B"}
2025-08-03T18:04:45.025131Z DEBUG matrix_sdk_crypto::session_manager::sessions: Collected user/device pairs that are missing an Olm session missing_session_devices_by_user={} timed_out_devices_by_user={} | crates/matrix-sdk-crypto/src/session_manager/sessions.rs:287 | spans: root > next_sync_with_lock{store_generation=0} > sync_once{conn_id="encryption" pos="0/s611_17296_0_366_597_6_11_888_0_1"} > send_outgoing_requests > get_missing_sessions
2025-08-03T18:04:53.242188Z  INFO elementx: Transitioning from `roomList(roomListSelectedRoomID: nil)` to `recoveryKeyScreen(roomListSelectedRoomID: nil)` with event `showRecoveryKeyScreen` | UserSessionFlowCoordinatorStateMachine.swift:227 | spans: root
2025-08-03T18:04:53.249797Z  INFO elementx: NavigationStackCoordinator(ElementX.SecureBackupRecoveryKeyScreenCoordinator) Set root: ElementX.SecureBackupRecoveryKeyScreenCoordinator | NavigationCoordinators.swift:759 | spans: root
2025-08-03T18:04:53.255352Z  INFO elementx: NavigationSplitCoordinator(NavigationStackCoordinator(ElementX.HomeScreenCoordinator) | Empty) Set sheet: NavigationStackCoordinator(ElementX.SecureBackupRecoveryKeyScreenCoordinator) | NavigationCoordinators.swift:386 | spans: root
2025-08-03T18:04:57.498377Z  INFO elementx: View model: received view action: cancel | SecureBackupRecoveryKeyScreenViewModel.swift:48 | spans: root
2025-08-03T18:04:57.498610Z  INFO elementx: Coordinator: received view model action: cancel | SecureBackupRecoveryKeyScreenCoordinator.swift:45 | spans: root
2025-08-03T18:04:57.498978Z  INFO elementx: NavigationSplitCoordinator(NavigationStackCoordinator(ElementX.HomeScreenCoordinator) | Empty) Remove sheet: NavigationStackCoordinator(ElementX.SecureBackupRecoveryKeyScreenCoordinator) | NavigationCoordinators.swift:386 | spans: root
2025-08-03T18:04:57.499688Z  INFO elementx: Transitioning from `recoveryKeyScreen(roomListSelectedRoomID: nil)` to `roomList(roomListSelectedRoomID: nil)` with event `dismissedRecoveryKeyScreen` | UserSessionFlowCoordinatorStateMachine.swift:227 | spans: root
2025-08-03T18:05:00.119426Z  INFO elementx: Application will resign active | AppCoordinator.swift:1461 | spans: root
2025-08-03T18:05:00.123449Z  INFO elementx: Successfully scheduled background app refresh task | AppCoordinator.swift:1524 | spans: root
2025-08-03T18:05:14.891362Z DEBUG matrix_sdk::http_client: Got response | crates/matrix-sdk/src/http_client/mod.rs:214 | spans: root > sync_once{conn_id="room-list" pos="0/s611_17296_0_366_597_6_11_888_0_1"} > send{request_id="REQ-64" method=POST uri="https://matrix.aibots.kz/_matrix/client/unstable/org.matrix.simplified_msc3575/sync" request_size="673B" status=200 response_size="241B"}
2025-08-03T18:05:14.896465Z DEBUG matrix_sdk::http_client::native: Sending request num_attempt=1 | crates/matrix-sdk/src/http_client/native.rs:78 | spans: root > sync_once{conn_id="room-list" pos="0/s611_17296_0_366_597_6_11_888_0_1"} > send{request_id="REQ-66" method=POST uri="https://matrix.aibots.kz/_matrix/client/unstable/org.matrix.simplified_msc3575/sync" request_size="673B"}
2025-08-03T18:05:14.924850Z  INFO elementx: Received room list update: running | ClientProxy.swift:974 | spans: root
2025-08-03T18:05:15.050418Z DEBUG matrix_sdk::http_client: Got response | crates/matrix-sdk/src/http_client/mod.rs:214 | spans: root > next_sync_with_lock{store_generation=0} > sync_once{conn_id="encryption" pos="0/s611_17296_0_366_597_6_11_888_0_1"} > send{request_id="REQ-65" method=POST uri="https://matrix.aibots.kz/_matrix/client/unstable/org.matrix.simplified_msc3575/sync" request_size="149B" status=200 response_size="276B"}
2025-08-03T18:05:15.066797Z  WARN matrix_sdk_crypto::backups: Trying to backup room keys but no backup key was found | crates/matrix-sdk-crypto/src/backups/mod.rs:523 | spans: root
2025-08-03T18:05:15.068213Z DEBUG matrix_sdk::http_client::native: Sending request num_attempt=1 | crates/matrix-sdk/src/http_client/native.rs:78 | spans: root > next_sync_with_lock{store_generation=0} > sync_once{conn_id="encryption" pos="0/s611_17296_0_366_597_6_11_888_0_1"} > send{request_id="REQ-67" method=POST uri="https://matrix.aibots.kz/_matrix/client/unstable/org.matrix.simplified_msc3575/sync" request_size="149B"}
2025-08-03T18:05:15.069257Z DEBUG matrix_sdk_crypto::session_manager::sessions: Collected user/device pairs that are missing an Olm session missing_session_devices_by_user={} timed_out_devices_by_user={} | crates/matrix-sdk-crypto/src/session_manager/sessions.rs:287 | spans: root > next_sync_with_lock{store_generation=0} > sync_once{conn_id="encryption" pos="0/s611_17296_0_366_597_6_11_888_0_1"} > send_outgoing_requests > get_missing_sessions
2025-08-03T18:05:30.228651Z  INFO elementx: Application did become active | AppCoordinator.swift:1486 | spans: root
2025-08-03T18:05:30.228723Z  INFO elementx: Ending background task. | AppCoordinator.swift:1496 | spans: root
2025-08-03T18:05:30.249361Z  INFO elementx: Starting sync | ClientProxy.swift:361 | spans: root
2025-08-03T18:05:30.616105Z  INFO elementx: NavigationStackCoordinator(ElementX.SettingsScreenCoordinator) Set root: ElementX.SettingsScreenCoordinator | NavigationCoordinators.swift:759 | spans: root
2025-08-03T18:05:30.624192Z  INFO elementx: NavigationSplitCoordinator(NavigationStackCoordinator(ElementX.HomeScreenCoordinator) | Empty) Set sheet: NavigationStackCoordinator(ElementX.SettingsScreenCoordinator) | NavigationCoordinators.swift:386 | spans: root
2025-08-03T18:05:30.635568Z  INFO elementx: Transitioning from `roomList(roomListSelectedRoomID: nil)` to `settingsScreen(roomListSelectedRoomID: nil)` with event `showSettingsScreen` | UserSessionFlowCoordinatorStateMachine.swift:227 | spans: root
2025-08-03T18:05:30.740787Z DEBUG matrix_sdk::http_client::native: Sending request num_attempt=1 | crates/matrix-sdk/src/http_client/native.rs:78 | spans: root > send{request_id="REQ-68" method=GET uri="https://matrix.aibots.kz/_matrix/client/v3/profile/@testuser4:matrix.aibots.kz/avatar_url"}
2025-08-03T18:05:30.765569Z DEBUG matrix_sdk::http_client: Error while sending request: Api(Server(ClientApi(Error { status_code: 404, body: Standard { kind: NotFound, message: "Profile was not found" } }))) | crates/matrix-sdk/src/http_client/mod.rs:218 | spans: root > send{request_id="REQ-68" method=GET uri="https://matrix.aibots.kz/_matrix/client/v3/profile/@testuser4:matrix.aibots.kz/avatar_url" status=404 response_size="57B"}
2025-08-03T18:05:30.778235Z ERROR elementx: Failed loading user avatar URL with error: MatrixApi(kind: MatrixRustSDK.ErrorKind.notFound, code: "M_NOT_FOUND", msg: "Profile was not found", details: Optional("Error { status_code: 404, body: Standard { kind: NotFound, message: \"Profile was not found\" } }")) | ClientProxy.swift:651 | spans: root
2025-08-03T18:05:30.778354Z DEBUG matrix_sdk::http_client::native: Sending request num_attempt=1 | crates/matrix-sdk/src/http_client/native.rs:78 | spans: root > send{request_id="REQ-69" method=GET uri="https://matrix.aibots.kz/_matrix/client/v3/profile/@testuser4:matrix.aibots.kz/displayname"}
2025-08-03T18:05:30.796001Z DEBUG matrix_sdk::http_client: Error while sending request: Api(Server(ClientApi(Error { status_code: 404, body: Standard { kind: NotFound, message: "Profile was not found" } }))) | crates/matrix-sdk/src/http_client/mod.rs:218 | spans: root > send{request_id="REQ-69" method=GET uri="https://matrix.aibots.kz/_matrix/client/v3/profile/@testuser4:matrix.aibots.kz/displayname" status=404 response_size="57B"}
2025-08-03T18:05:30.796081Z ERROR elementx: Failed loading user display name with error: MatrixApi(kind: MatrixRustSDK.ErrorKind.notFound, code: "M_NOT_FOUND", msg: "Profile was not found", details: Optional("Error { status_code: 404, body: Standard { kind: NotFound, message: \"Profile was not found\" } }")) | ClientProxy.swift:626 | spans: root
2025-08-03T18:05:32.026953Z  INFO elementx: NavigationStackCoordinator(ElementX.SettingsScreenCoordinator) Push: ElementX.SecureBackupScreenCoordinator | NavigationCoordinators.swift:759 | spans: root
2025-08-03T18:05:33.806761Z  INFO elementx: NavigationStackCoordinator(ElementX.SecureBackupRecoveryKeyScreenCoordinator) Set root: ElementX.SecureBackupRecoveryKeyScreenCoordinator | NavigationCoordinators.swift:759 | spans: root
2025-08-03T18:05:33.808790Z  INFO elementx: NavigationStackCoordinator(ElementX.SettingsScreenCoordinator) Set sheet: NavigationStackCoordinator(ElementX.SecureBackupRecoveryKeyScreenCoordinator) | NavigationCoordinators.swift:759 | spans: root
2025-08-03T18:05:35.597849Z  INFO elementx: View model: received view action: cancel | SecureBackupRecoveryKeyScreenViewModel.swift:48 | spans: root
2025-08-03T18:05:35.610190Z  INFO elementx: Coordinator: received view model action: cancel | SecureBackupRecoveryKeyScreenCoordinator.swift:45 | spans: root
2025-08-03T18:05:35.610324Z  INFO elementx: NavigationStackCoordinator(ElementX.SettingsScreenCoordinator) Remove sheet: NavigationStackCoordinator(ElementX.SecureBackupRecoveryKeyScreenCoordinator) | NavigationCoordinators.swift:759 | spans: root
2025-08-03T18:05:38.728754Z  INFO elementx: Application will resign active | AppCoordinator.swift:1461 | spans: root
2025-08-03T18:05:38.732704Z  INFO elementx: Successfully scheduled background app refresh task | AppCoordinator.swift:1524 | spans: root
2025-08-03T18:05:44.961665Z DEBUG matrix_sdk::http_client: Got response | crates/matrix-sdk/src/http_client/mod.rs:214 | spans: root > sync_once{conn_id="room-list" pos="0/s611_17296_0_366_597_6_11_888_0_1"} > send{request_id="REQ-66" method=POST uri="https://matrix.aibots.kz/_matrix/client/unstable/org.matrix.simplified_msc3575/sync" request_size="673B" status=200 response_size="241B"}
2025-08-03T18:05:44.964295Z  INFO elementx: Received room list update: running | ClientProxy.swift:974 | spans: root
2025-08-03T18:05:44.965709Z DEBUG matrix_sdk::http_client::native: Sending request num_attempt=1 | crates/matrix-sdk/src/http_client/native.rs:78 | spans: root > sync_once{conn_id="room-list" pos="0/s611_17296_0_366_597_6_11_888_0_1"} > send{request_id="REQ-70" method=POST uri="https://matrix.aibots.kz/_matrix/client/unstable/org.matrix.simplified_msc3575/sync" request_size="673B"}
2025-08-03T18:05:45.094861Z DEBUG matrix_sdk::http_client: Got response | crates/matrix-sdk/src/http_client/mod.rs:214 | spans: root > next_sync_with_lock{store_generation=0} > sync_once{conn_id="encryption" pos="0/s611_17296_0_366_597_6_11_888_0_1"} > send{request_id="REQ-67" method=POST uri="https://matrix.aibots.kz/_matrix/client/unstable/org.matrix.simplified_msc3575/sync" request_size="149B" status=200 response_size="276B"}
2025-08-03T18:05:45.108580Z  WARN matrix_sdk_crypto::backups: Trying to backup room keys but no backup key was found | crates/matrix-sdk-crypto/src/backups/mod.rs:523 | spans: root
2025-08-03T18:05:45.109991Z DEBUG matrix_sdk::http_client::native: Sending request num_attempt=1 | crates/matrix-sdk/src/http_client/native.rs:78 | spans: root > next_sync_with_lock{store_generation=0} > sync_once{conn_id="encryption" pos="0/s611_17296_0_366_597_6_11_888_0_1"} > send{request_id="REQ-71" method=POST uri="https://matrix.aibots.kz/_matrix/client/unstable/org.matrix.simplified_msc3575/sync" request_size="149B"}
2025-08-03T18:05:45.110274Z DEBUG matrix_sdk_crypto::session_manager::sessions: Collected user/device pairs that are missing an Olm session missing_session_devices_by_user={} timed_out_devices_by_user={} | crates/matrix-sdk-crypto/src/session_manager/sessions.rs:287 | spans: root > next_sync_with_lock{store_generation=0} > sync_once{conn_id="encryption" pos="0/s611_17296_0_366_597_6_11_888_0_1"} > send_outgoing_requests > get_missing_sessions
2025-08-03T18:05:52.308413Z  INFO elementx: Application did become active | AppCoordinator.swift:1486 | spans: root
2025-08-03T18:05:52.308483Z  INFO elementx: Ending background task. | AppCoordinator.swift:1496 | spans: root
2025-08-03T18:05:52.311452Z  INFO elementx: Starting sync | ClientProxy.swift:361 | spans: root
2025-08-03T18:05:52.472749Z  INFO elementx: NavigationStackCoordinator(ElementX.SettingsScreenCoordinator) Pop: ElementX.SecureBackupScreenCoordinator | NavigationCoordinators.swift:759 | spans: root
2025-08-03T18:05:53.430584Z  INFO elementx: NavigationSplitCoordinator(NavigationStackCoordinator(ElementX.HomeScreenCoordinator) | Empty) Remove sheet: NavigationStackCoordinator(ElementX.SettingsScreenCoordinator) | NavigationCoordinators.swift:386 | spans: root
2025-08-03T18:05:53.432228Z  INFO elementx: Transitioning from `settingsScreen(roomListSelectedRoomID: nil)` to `roomList(roomListSelectedRoomID: nil)` with event `dismissedSettingsScreen` | UserSessionFlowCoordinatorStateMachine.swift:227 | spans: root
2025-08-03T18:05:54.223023Z  INFO elementx: NavigationStackCoordinator(ElementX.SettingsScreenCoordinator) Set root: ElementX.SettingsScreenCoordinator | NavigationCoordinators.swift:759 | spans: root
2025-08-03T18:05:54.223448Z  INFO elementx: NavigationSplitCoordinator(NavigationStackCoordinator(ElementX.HomeScreenCoordinator) | Empty) Set sheet: NavigationStackCoordinator(ElementX.SettingsScreenCoordinator) | NavigationCoordinators.swift:386 | spans: root
2025-08-03T18:05:54.224082Z  INFO elementx: Transitioning from `roomList(roomListSelectedRoomID: nil)` to `settingsScreen(roomListSelectedRoomID: nil)` with event `showSettingsScreen` | UserSessionFlowCoordinatorStateMachine.swift:227 | spans: root
2025-08-03T18:05:54.342367Z DEBUG matrix_sdk::http_client::native: Sending request num_attempt=1 | crates/matrix-sdk/src/http_client/native.rs:78 | spans: root > send{request_id="REQ-72" method=GET uri="https://matrix.aibots.kz/_matrix/client/v3/profile/@testuser4:matrix.aibots.kz/avatar_url"}
2025-08-03T18:05:54.365589Z DEBUG matrix_sdk::http_client: Error while sending request: Api(Server(ClientApi(Error { status_code: 404, body: Standard { kind: NotFound, message: "Profile was not found" } }))) | crates/matrix-sdk/src/http_client/mod.rs:218 | spans: root > send{request_id="REQ-72" method=GET uri="https://matrix.aibots.kz/_matrix/client/v3/profile/@testuser4:matrix.aibots.kz/avatar_url" status=404 response_size="57B"}
2025-08-03T18:05:54.365722Z ERROR elementx: Failed loading user avatar URL with error: MatrixApi(kind: MatrixRustSDK.ErrorKind.notFound, code: "M_NOT_FOUND", msg: "Profile was not found", details: Optional("Error { status_code: 404, body: Standard { kind: NotFound, message: \"Profile was not found\" } }")) | ClientProxy.swift:651 | spans: root
2025-08-03T18:05:54.365773Z DEBUG matrix_sdk::http_client::native: Sending request num_attempt=1 | crates/matrix-sdk/src/http_client/native.rs:78 | spans: root > send{request_id="REQ-73" method=GET uri="https://matrix.aibots.kz/_matrix/client/v3/profile/@testuser4:matrix.aibots.kz/displayname"}
2025-08-03T18:05:54.383010Z DEBUG matrix_sdk::http_client: Error while sending request: Api(Server(ClientApi(Error { status_code: 404, body: Standard { kind: NotFound, message: "Profile was not found" } }))) | crates/matrix-sdk/src/http_client/mod.rs:218 | spans: root > send{request_id="REQ-73" method=GET uri="https://matrix.aibots.kz/_matrix/client/v3/profile/@testuser4:matrix.aibots.kz/displayname" status=404 response_size="57B"}
2025-08-03T18:05:54.383078Z ERROR elementx: Failed loading user display name with error: MatrixApi(kind: MatrixRustSDK.ErrorKind.notFound, code: "M_NOT_FOUND", msg: "Profile was not found", details: Optional("Error { status_code: 404, body: Standard { kind: NotFound, message: \"Profile was not found\" } }")) | ClientProxy.swift:626 | spans: root
2025-08-03T18:05:55.672211Z  INFO elementx: NavigationStackCoordinator(ElementX.SettingsScreenCoordinator) Push: ElementX.DeveloperOptionsScreenCoordinator | NavigationCoordinators.swift:759 | spans: root
2025-08-03T18:05:57.288093Z  INFO elementx: 📄 Starting log export... | DeveloperOptionsScreenCoordinator.swift:221 | spans: root
2025-08-03T18:05:57.300343Z  INFO elementx: logFiles: ["console.2025-08-03-18.log", "console.2025-08-03-17.log"] | Tracing.swift:76 | spans: root
2025-08-03T18:05:57.331885Z  INFO elementx: 📄 Successfully exported 3 log files to: /private/var/mobile/Containers/Data/Application/1CC0AEC2-0430-4B91-9726-46AC5A218B06/tmp/ElementX-Logs-1754244357.300442 | DeveloperOptionsScreenCoordinator.swift:275 | spans: root
📄 Log export completed. Files saved to: /private/var/mobile/Containers/Data/Application/1CC0AEC2-0430-4B91-9726-46AC5A218B06/tmp/ElementX-Logs-1754244357.300442
📄 Files exported:
  - log-0-console.2025-08-03-18.log
  - log-1-console.2025-08-03-17.log
  - combined-logs.txt
Failed to request default share mode for fileURL:file:///private/var/mobile/Containers/Data/Application/1CC0AEC2-0430-4B91-9726-46AC5A218B06/tmp/ElementX-Logs-1754244357.300442/combined-logs.txt error:Error Domain=NSOSStatusErrorDomain Code=-10814 "(null)" UserInfo={_LSLine=1796, _LSFunction=runEvaluator}
Only support loading options for CKShare and SWY types.
error fetching item for URL:file:///private/var/mobile/Containers/Data/Application/1CC0AEC2-0430-4B91-9726-46AC5A218B06/tmp/ElementX-Logs-1754244357.300442/combined-logs.txt : (null)
error fetching file provider domain for URL:file:///private/var/mobile/Containers/Data/Application/1CC0AEC2-0430-4B91-9726-46AC5A218B06/tmp/ElementX-Logs-1754244357.300442/combined-logs.txt : (null)
error fetching item for URL:file:///private/var/mobile/Containers/Data/Application/1CC0AEC2-0430-4B91-9726-46AC5A218B06/tmp/ElementX-Logs-1754244357.300442/combined-logs.txt : (null)
2025-08-03T18:05:57.800336Z  INFO elementx: 📄 Presented activity view controller for log export | SettingsFlowCoordinator.swift:346 | spans: root
2025-08-03T18:05:57.800371Z  INFO elementx: 🧹 Starting cleanup of original log files after export... | DeveloperOptionsScreenCoordinator.swift:358 | spans: root
App is being debugged, do not track this hang
Hang detected: 0.47s (debugger attached, not reporting)
Received port for identifier response: <(null)> with error:Error Domain=RBSServiceErrorDomain Code=1 "Client not entitled" UserInfo={RBSEntitlement=com.apple.runningboard.process-state, NSLocalizedFailureReason=Client not entitled, RBSPermanent=false}
elapsedCPUTimeForFrontBoard couldn't generate a task port
Received port for identifier response: <(null)> with error:Error Domain=RBSServiceErrorDomain Code=1 "Client not entitled" UserInfo={RBSEntitlement=com.apple.runningboard.process-state, NSLocalizedFailureReason=Client not entitled, RBSPermanent=false}
elapsedCPUTimeForFrontBoard couldn't generate a task port
🧹 Clearing original log files to free up space...
Received port for identifier response: <(null)> with error:Error Domain=RBSServiceErrorDomain Code=1 "Client not entitled" UserInfo={RBSEntitlement=com.apple.runningboard.process-state, NSLocalizedFailureReason=Client not entitled, RBSPermanent=false}
elapsedCPUTimeForFrontBoard couldn't generate a task port
2025-08-03T18:05:57.857899Z  INFO elementx: logFiles: ["console.2025-08-03-18.log", "console.2025-08-03-17.log"] | Tracing.swift:76 | spans: root
2025-08-03T18:05:57.859705Z  INFO elementx: logFiles: [] | Tracing.swift:76 | spans: root
2025-08-03T18:05:57.859726Z  INFO elementx: 🧹 Successfully cleared all original log files | DeveloperOptionsScreenCoordinator.swift:371 | spans: root
✅ Original log files cleared successfully
Received port for identifier response: <(null)> with error:Error Domain=RBSServiceErrorDomain Code=1 "Client not entitled" UserInfo={RBSEntitlement=com.apple.runningboard.process-state, NSLocalizedFailureReason=Client not entitled, RBSPermanent=false}
elapsedCPUTimeForFrontBoard couldn't generate a task port
2025-08-03T18:06:02.297510Z  INFO elementx: 🩺 Starting recovery keys diagnostics... | SettingsFlowCoordinator.swift:352 | spans: root
🩺 Recovery Keys Diagnostics for user: @testuser4:matrix.aibots.kz
OSStatus error:[-34018] Internal error when a required entitlement isn't present, client has neither application-identifier nor keychain-access-groups entitlements.
2025-08-03T18:06:02.323533Z ERROR elementx: Failed to check SSSS key existence: Internal error when a required entitlement isn't present, client has neither application-identifier nor keychain-access-groups entitlements. | KeychainController.swift:251 | spans: root
2025-08-03T18:06:02.342051Z  INFO elementx: SSSS recovery key retrieved for user: @testuser4:matrix.aibots.kz | KeychainController.swift:234 | spans: root
2025-08-03T18:06:02.342136Z  INFO elementx: [AutoRecovery] Recovery key export: length=59, preview=EsTF aqXx ... 4r6y | AutoRecoveryKeyService.swift:213 | spans: root
2025-08-03T18:06:02.342625Z  INFO elementx: [AutoRecovery] Backup check - Recovery: incomplete, KeyBackup: unknown, Exists: false | AutoRecoveryKeyService.swift:213 | spans: root
🩺 🩺 RECOVERY KEYS DIAGNOSTICS:

🔧 ENTITLEMENTS STATUS:
✅ Entitlements working - keychain access OK

👤 User ID: @testuser4:matrix.aibots.kz
🔐 SSSS Key in Keychain: ❌ Not found
🖥️ SERVER BACKUP STATE:
🔄 Recovery State: incomplete
🗝️ Key Backup State: unknown

⚠️ POTENTIAL ISSUES:
• Server backup exists but no local key
• Server backup in incomplete state - may need manual setup

📦 BACKUP VERSIONS ANALYSIS:
📊 Current Key Backup State: unknown
✅ Can export recovery key (length: 59)
🖥️ Server backup exists: false
🔄 Recovery State: incomplete
⚠️ Recovery in incomplete state - backup versions might be corrupted

💡 EMPTY BACKUP VERSIONS ANALYSIS:
• Multiple empty versions usually indicate failed backup attempts
• This can happen when keys are created but backup upload fails
• Cross-signing issues can also cause backup failures
• Recommendation: Clear all versions and recreate fresh backup

💡 RECOMMENDED ACTIONS:
1. If key format is invalid → Clear and recreate
2. If server/local mismatch → Clear and setup fresh
3. If incomplete state → Try manual recovery setup
4. Always rebuild app after entitlements changes
2025-08-03T18:06:02.342913Z  INFO elementx: 🩺 Recovery Keys Diagnostics completed | SettingsFlowCoordinator.swift:477 | spans: root
2025-08-03T18:06:02.342965Z  INFO elementx: 🩺 RECOVERY KEYS DIAGNOSTICS:

🔧 ENTITLEMENTS STATUS:
✅ Entitlements working - keychain access OK

👤 User ID: @testuser4:matrix.aibots.kz
🔐 SSSS Key in Keychain: ❌ Not found
🖥️ SERVER BACKUP STATE:
🔄 Recovery State: incomplete
🗝️ Key Backup State: unknown

⚠️ POTENTIAL ISSUES:
• Server backup exists but no local key
• Server backup in incomplete state - may need manual setup

📦 BACKUP VERSIONS ANALYSIS:
📊 Current Key Backup State: unknown
✅ Can export recovery key (length: 59)
🖥️ Server backup exists: false
🔄 Recovery State: incomplete
⚠️ Recovery in incomplete state - backup versions might be corrupted

💡 EMPTY BACKUP VERSIONS ANALYSIS:
• Multiple empty versions usually indicate failed backup attempts
• This can happen when keys are created but backup upload fails
• Cross-signing issues can also cause backup failures
• Recommendation: Clear all versions and recreate fresh backup

💡 RECOMMENDED ACTIONS:
1. If key format is invalid → Clear and recreate
2. If server/local mismatch → Clear and setup fresh
3. If incomplete state → Try manual recovery setup
4. Always rebuild app after entitlements changes | SettingsFlowCoordinator.swift:478 | spans: root
2025-08-03T18:06:15.069984Z DEBUG matrix_sdk::http_client: Got response | crates/matrix-sdk/src/http_client/mod.rs:214 | spans: root > sync_once{conn_id="room-list" pos="0/s611_17296_0_366_597_6_11_888_0_1"} > send{request_id="REQ-70" method=POST uri="https://matrix.aibots.kz/_matrix/client/unstable/org.matrix.simplified_msc3575/sync" request_size="673B" status=200 response_size="241B"}
2025-08-03T18:06:15.073579Z  INFO elementx: Received room list update: running | ClientProxy.swift:974 | spans: root
2025-08-03T18:06:15.074381Z DEBUG matrix_sdk::http_client::native: Sending request num_attempt=1 | crates/matrix-sdk/src/http_client/native.rs:78 | spans: root > sync_once{conn_id="room-list" pos="0/s611_17296_0_366_597_6_11_888_0_1"} > send{request_id="REQ-74" method=POST uri="https://matrix.aibots.kz/_matrix/client/unstable/org.matrix.simplified_msc3575/sync" request_size="673B"}
2025-08-03T18:06:15.136479Z DEBUG matrix_sdk::http_client: Got response | crates/matrix-sdk/src/http_client/mod.rs:214 | spans: root > next_sync_with_lock{store_generation=0} > sync_once{conn_id="encryption" pos="0/s611_17296_0_366_597_6_11_888_0_1"} > send{request_id="REQ-71" method=POST uri="https://matrix.aibots.kz/_matrix/client/unstable/org.matrix.simplified_msc3575/sync" request_size="149B" status=200 response_size="276B"}
2025-08-03T18:06:15.151183Z  WARN matrix_sdk_crypto::backups: Trying to backup room keys but no backup key was found | crates/matrix-sdk-crypto/src/backups/mod.rs:523 | spans: root
2025-08-03T18:06:15.152666Z DEBUG matrix_sdk::http_client::native: Sending request num_attempt=1 | crates/matrix-sdk/src/http_client/native.rs:78 | spans: root > next_sync_with_lock{store_generation=0} > sync_once{conn_id="encryption" pos="0/s611_17296_0_366_597_6_11_888_0_1"} > send{request_id="REQ-75" method=POST uri="https://matrix.aibots.kz/_matrix/client/unstable/org.matrix.simplified_msc3575/sync" request_size="149B"}
2025-08-03T18:06:15.152856Z DEBUG matrix_sdk_crypto::session_manager::sessions: Collected user/device pairs that are missing an Olm session missing_session_devices_by_user={} timed_out_devices_by_user={} | crates/matrix-sdk-crypto/src/session_manager/sessions.rs:287 | spans: root > next_sync_with_lock{store_generation=0} > sync_once{conn_id="encryption" pos="0/s611_17296_0_366_597_6_11_888_0_1"} > send_outgoing_requests > get_missing_sessions
2025-08-03T18:06:28.424436Z  INFO elementx: 📄 Starting log export... | DeveloperOptionsScreenCoordinator.swift:221 | spans: root
2025-08-03T18:06:28.432079Z  INFO elementx: logFiles: [] | Tracing.swift:76 | spans: root
2025-08-03T18:06:28.432189Z  WARN elementx: 📄 No log files found to export | DeveloperOptionsScreenCoordinator.swift:228 | spans: root
📄 No log files found to export
2025-08-03T18:06:31.924668Z  INFO elementx: 📄 Starting log export... | DeveloperOptionsScreenCoordinator.swift:221 | spans: root
2025-08-03T18:06:31.931994Z  INFO elementx: logFiles: [] | Tracing.swift:76 | spans: root
2025-08-03T18:06:31.932085Z  WARN elementx: 📄 No log files found to export | DeveloperOptionsScreenCoordinator.swift:228 | spans: root
📄 No log files found to export
2025-08-03T18:06:37.440946Z  INFO elementx: 📄 Starting log export... | DeveloperOptionsScreenCoordinator.swift:221 | spans: root
2025-08-03T18:06:37.448744Z  INFO elementx: logFiles: [] | Tracing.swift:76 | spans: root
2025-08-03T18:06:37.448824Z  WARN elementx: 📄 No log files found to export | DeveloperOptionsScreenCoordinator.swift:228 | spans: root
📄 No log files found to export
2025-08-03T18:06:37.841760Z  INFO elementx: 📄 Starting log export... | DeveloperOptionsScreenCoordinator.swift:221 | spans: root
2025-08-03T18:06:37.849146Z  INFO elementx: logFiles: [] | Tracing.swift:76 | spans: root
2025-08-03T18:06:37.849318Z  WARN elementx: 📄 No log files found to export | DeveloperOptionsScreenCoordinator.swift:228 | spans: root
📄 No log files found to export
2025-08-03T18:06:40.920033Z  INFO elementx: NavigationStackCoordinator(ElementX.SettingsScreenCoordinator) Pop: ElementX.DeveloperOptionsScreenCoordinator | NavigationCoordinators.swift:759 | spans: root
2025-08-03T18:06:45.171999Z DEBUG matrix_sdk::http_client: Got response | crates/matrix-sdk/src/http_client/mod.rs:214 | spans: root > sync_once{conn_id="room-list" pos="0/s611_17296_0_366_597_6_11_888_0_1"} > send{request_id="REQ-74" method=POST uri="https://matrix.aibots.kz/_matrix/client/unstable/org.matrix.simplified_msc3575/sync" request_size="673B" status=200 response_size="241B"}
2025-08-03T18:06:45.176507Z  INFO elementx: Received room list update: running | ClientProxy.swift:974 | spans: root
2025-08-03T18:06:45.177157Z DEBUG matrix_sdk::http_client::native: Sending request num_attempt=1 | crates/matrix-sdk/src/http_client/native.rs:78 | spans: root > sync_once{conn_id="room-list" pos="0/s611_17296_0_366_597_6_11_888_0_1"} > send{request_id="REQ-76" method=POST uri="https://matrix.aibots.kz/_matrix/client/unstable/org.matrix.simplified_msc3575/sync" request_size="673B"}
2025-08-03T18:06:45.180478Z DEBUG matrix_sdk::http_client: Got response | crates/matrix-sdk/src/http_client/mod.rs:214 | spans: root > next_sync_with_lock{store_generation=0} > sync_once{conn_id="encryption" pos="0/s611_17296_0_366_597_6_11_888_0_1"} > send{request_id="REQ-75" method=POST uri="https://matrix.aibots.kz/_matrix/client/unstable/org.matrix.simplified_msc3575/sync" request_size="149B" status=200 response_size="276B"}
2025-08-03T18:06:45.191975Z  WARN matrix_sdk_crypto::backups: Trying to backup room keys but no backup key was found | crates/matrix-sdk-crypto/src/backups/mod.rs:523 | spans: root
2025-08-03T18:06:45.193496Z DEBUG matrix_sdk::http_client::native: Sending request num_attempt=1 | crates/matrix-sdk/src/http_client/native.rs:78 | spans: root > next_sync_with_lock{store_generation=0} > sync_once{conn_id="encryption" pos="0/s611_17296_0_366_597_6_11_888_0_1"} > send{request_id="REQ-77" method=POST uri="https://matrix.aibots.kz/_matrix/client/unstable/org.matrix.simplified_msc3575/sync" request_size="149B"}
2025-08-03T18:06:45.193754Z DEBUG matrix_sdk_crypto::session_manager::sessions: Collected user/device pairs that are missing an Olm session missing_session_devices_by_user={} timed_out_devices_by_user={} | crates/matrix-sdk-crypto/src/session_manager/sessions.rs:287 | spans: root > next_sync_with_lock{store_generation=0} > sync_once{conn_id="encryption" pos="0/s611_17296_0_366_597_6_11_888_0_1"} > send_outgoing_requests > get_missing_sessions
2025-08-03T18:06:50.483702Z  INFO elementx: NavigationSplitCoordinator(NavigationStackCoordinator(ElementX.HomeScreenCoordinator) | Empty) Remove sheet: NavigationStackCoordinator(ElementX.SettingsScreenCoordinator) | NavigationCoordinators.swift:386 | spans: root
2025-08-03T18:06:50.484480Z  INFO elementx: Transitioning from `settingsScreen(roomListSelectedRoomID: nil)` to `roomList(roomListSelectedRoomID: nil)` with event `dismissedSettingsScreen` | UserSessionFlowCoordinatorStateMachine.swift:227 | spans: root